proxy,value,n_height,type
OCe,-0.2,-4205,INT
OCe,-0.24,-4075,INT
OCe,-0.28,-3900,INT
OCe,-0.23,-3767.5,INT
OCe,-0.01,-3721.5,INT
OCe,-0.07,-3634.5,INT
OCe,-0.13,-3409.5,INT
OCe,-0.22,-3221.5,INT
OCe,-0.23,-2981.5,INT
OCe,0.03,-2691.5,INT
OCe,0.025,-2503.5,INT
OCe,0.02,-2252,INT
OCe,-0.3,-2015.5,INT
OCe,-0.26,-1739,INT
OCe,-0.24,-1334,INT
OCe,0.09,-1124.5,INT
OCe,-0.3,-1100,INT
OCe,-0.19,-880,INT
OCe,-0.28,-620,INT
OCe,-0.08,-501.5,INT
OCe,-0.08,-339.5,INT
OCe,-0.085,-203.5,INT
OCe,-0.09,-138.5,INT
OCe,-0.106666667,-101,INT
OCe,-0.123333333,-90.5,INT
OCe,-0.14,-76.5,INT
OCe,-0.136666667,-48.5,INT
OCe,-0.133333333,-24,INT
OCe,-0.13,-16.5,INT
OCe,-0.1,-11,INT
OCe,-0.11,-6,INT
OCe,-0.12,-2,INT
OCe,-0.13,2,INT
OCe,-0.16,6,INT
OCe,-0.19,10,INT
OCe,-0.195,17,INT
OCe,-0.2,27,INT
OCe,-0.16,54.5,INT
OCe,-0.01,81.5,INT
OCe,-0.01,124,INT
OCe,-0.18,164.5,INT
OCe,-0.01,470,INT
XCa,-0.6,-340,INT
XCa,-0.62,-204,INT
XCa,-0.74,-139,INT
XCa,-0.74,-101,INT
XCa,-0.76,-91,INT
XCa,-0.8,-77,INT
XCa,-0.73,-49,INT
XCa,-0.86,-24,INT
XCa,-0.72,-17,INT
XCa,-0.75,-11,INT
XCa,-0.86,-6,INT
XCa,-0.91,-2,INT
XCa,-0.95,2,INT
XCa,-0.89,6,INT
XCa,-0.83,10,INT
XCa,-0.79,17,INT
XCa,-0.69,27,INT
XCa,-0.75,55,INT
XCcarb,1.47,-4740,INT
XCcarb,3.65,-4375,INT
XCcarb,3.55,-4320,INT
XCcarb,3.84,-4265,INT
XCcarb,2.09,-4205,INT
XCcarb,3.48,-4075,INT
XCcarb,3.36,-3900,INT
XCcarb,3.28,-3768,INT
XCcarb,3.14,-3722,INT
XCcarb,3,-3635,INT
XCcarb,3.15,-3410,INT
XCcarb,3.34,-3222,INT
XCcarb,3.33,-2982,INT
XCcarb,2.84,-2692,INT
XCcarb,2.78,-2504,INT
XCcarb,2.71,-2252,INT
XCcarb,3.01,-2016,INT
XCcarb,3.99,-1739,INT
XCcarb,3.93,-1334,INT
XCcarb,3.56,-1125,INT
XCcarb,3.2,-1100,INT
XCcarb,3.3,-880,INT
XCcarb,3.51,-620,INT
XCcarb,3.58,-502,INT
XCcarb,3.73,-340,INT
XCcarb,3.95,-204,INT
XCcarb,3.63,-139,INT
XCcarb,3.51,-101,INT
XCcarb,3.4,-91,INT
XCcarb,3.15,-77,INT
XCcarb,2.61,-49,INT
XCcarb,1.41,-24,INT
XCcarb,1.56,-17,INT
XCcarb,-0.59,-11,INT
XCcarb,-0.32,-6,INT
XCcarb,0.17,-2,INT
XCcarb,0.37,2,INT
XCcarb,0.55,6,INT
XCcarb,0.67,10,INT
XCcarb,0.64,17,INT
XCcarb,0.64,27,INT
XCcarb,0.49,55,INT
XCcarb,0.35,82,INT
XCcarb,0.21,124,INT
XCcarb,-0.39,165,INT
XCcarb,-0.99,470,INT
XCcarb,-0.96,823,INT
XCcarb,-0.54,921,INT
XCcarb,0.79,976,INT
XCcarb,0.75,1000,INT
XCcarb,0.71,1032,INT
XCcarb,0.67,1062,INT
XCcarb,1.01,1126,INT
XCcarb,1.82,1215,INT
XCcarb,2.06,1281,INT
XCcarb,2.3,1343,INT
XCcarb,2.47,1396,INT
XCcarb,2.42,1443,INT
XCcarb,2.45,1486,INT
XCcarb,2.49,1506,INT
XCcarb,2.52,1533,INT
XCd,0.47,-340,INT
XCd,0.43,-204,INT
XCd,0.49,-139,INT
XCd,0.5,-101,INT
XCd,0.45,-91,INT
XCd,0.31,-77,INT
XCd,0.28,-49,INT
XCd,0.27,-24,INT
XCd,0.47,-17,INT
XCd,-0.03,-11,INT
XCd,0.06,-6,INT
XCd,0,-2,INT
XCd,0.08,2,INT
XCd,-0.26,6,INT
XCd,-0.23,10,INT
XCd,-0.05,17,INT
XCd,-0.29,27,INT
XCd,0.02,55,INT
XCd,-0.08,82,INT
XCd,-0.2,124,INT
XCorg,-26.42,-4740,INT
XCorg,-25.85,-4375,INT
XCorg,-26.52,-4320,INT
XCorg,-27.2,-4265,INT
XCorg,-27.87,-4205,INT
XCorg,-26.95,-4075,INT
XCorg,-26.02,-3900,INT
XCorg,-25.98,-3768,INT
XCorg,-26.37,-3722,INT
XCorg,-26.77,-3635,INT
XCorg,-27.16,-3410,INT
XCorg,-27.38,-3222,INT
XCorg,-26.6,-2982,INT
XCorg,-26.94,-2692,INT
XCorg,-26.22,-2504,INT
XCorg,-27.76,-2252,INT
XCorg,-27.16,-2016,INT
XCorg,-26.56,-1739,INT
XCorg,-28.67,-1334,INT
XCorg,-28.8,-1125,INT
XCorg,-28.93,-1100,INT
XCorg,-29.06,-880,INT
XCorg,-29.08,-620,INT
XCorg,-28.11,-502,INT
XCorg,-27.51,-340,INT
XCorg,-28,-204,INT
XCorg,-28.38,-139,INT
XCorg,-29.8,-101,INT
XCorg,-28.42,-91,INT
XCorg,-29.24,-77,INT
XCorg,-28.7,-49,INT
XCorg,-28.54,-24,INT
XCorg,-28.29,-17,INT
XCorg,-29.95,-11,INT
XCorg,-30.54,-6,INT
XCorg,-26.01,-2,INT
XCorg,-26.04,2,INT
XCorg,-25.82,6,INT
XCorg,-25.2,10,INT
XCorg,-26.9,17,INT
XCorg,-25.55,27,INT
XCorg,-28.66,55,INT
XCorg,-25.54,82,INT
XCorg,-27.46,124,INT
XCorg,-26.83,165,INT
XCorg,-26.2,470,INT
XCorg,-25.6,823,INT
XCorg,-25,921,INT
XCorg,-24.93,976,INT
XCorg,-24.85,1000,INT
XCorg,-24.78,1032,INT
XCorg,-24.7,1062,INT
XCorg,-24.63,1126,INT
XCorg,-24.55,1215,INT
XCorg,-24.48,1281,INT
XCorg,-24.4,1343,INT
XFeHr,0.81,-502,INT
XFeHr,0.81,-340,INT
XFeHr,0.83,-204,INT
XFeHr,0.72,-139,INT
XFeHr,0.78,-101,INT
XFeHr,0.78,-91,INT
XFeHr,0.78,-77,INT
XFeHr,0.78,-49,INT
XFeHr,0.68,-24,INT
XFeHr,0.66,-17,INT
XFeHr,0.61,-11,INT
XFeHr,0.63,-6,INT
XFeHr,0.74,-2,INT
XFeHr,0.76,2,INT
XFeHr,0.78,6,INT
XFeHr,0.69,10,INT
XFeHr,0.4,17,INT
XFeHr,0.56,27,INT
XFeHr,0.61,55,INT
XFeHr,0.59,82,INT
XFeHr,0.5,124,INT
XFeHr,0.46,165,INT
XFeHr,0.47,470,INT
XFeHr,0.41,823,INT
XFePy,0.64,-502,INT
XFePy,0.5,-340,INT
XFePy,0.58,-204,INT
XFePy,0.78,-139,INT
XFePy,0.71,-101,INT
XFePy,0.67,-91,INT
XFePy,0.62,-77,INT
XFePy,0.58,-49,INT
XFePy,0.67,-24,INT
XFePy,0.63,-17,INT
XFePy,0.77,-11,INT
XFePy,0.76,-6,INT
XFePy,0.7,-2,INT
XFePy,0.63,2,INT
XFePy,0.66,6,INT
XFePy,0.75,10,INT
XFePy,0.69,17,INT
XFePy,0.85,27,INT
XFePy,0.62,55,INT
XFePy,0.5,82,INT
XFePy,0.54,124,INT
XFePy,0.54,165,INT
XFePy,0.46,470,INT
XFePy,0.24,823,INT
XLi,9.88,-340,INT
XLi,7.7,-204,INT
XLi,7.5,-139,INT
XLi,9.95,-101,INT
XLi,12.4,-91,INT
XLi,10.4,-77,INT
XLi,8.4,-49,INT
XLi,9.65,-24,INT
XLi,0.3,-17,INT
XLi,0.53,-11,INT
XLi,3.46,-6,INT
XLi,6.38,-2,INT
XLi,9.3,2,INT
XLi,8.47,6,INT
XLi,7.63,10,INT
XLi,6.8,17,INT
XLi,5.25,27,INT
XLi,3.7,55,INT
XLi,4.4,82,INT
XLi,1.56,124,INT
XLi,1.41,165,INT
XLi,1.27,470,INT
XLi,1.25,823,INT
XN,2.73,-4740,INT
XN,2.71,-4375,INT
XN,2.7,-4320,INT
XN,2.68,-4265,INT
XN,2.67,-4205,INT
XN,2.65,-4075,INT
XN,2.64,-3900,INT
XN,2.85,-3768,INT
XN,3.06,-3722,INT
XN,3.28,-3635,INT
XN,3.49,-3410,INT
XN,2.2,-3222,INT
XN,0.8,-2982,INT
XN,1.19,-2692,INT
XN,1.57,-2504,INT
XN,3.5,-2252,INT
XN,2.24,-2016,INT
XN,0.98,-1739,INT
XN,1.58,-1334,INT
XN,1.59,-1125,INT
XN,1.59,-1100,INT
XN,1.6,-880,INT
XN,1.6,-620,INT
XN,1.61,-502,INT
XN,2.7,-340,INT
XN,2.56,-204,INT
XN,2.41,-139,INT
XN,2.29,-101,INT
XN,2.17,-91,INT
XN,1.74,-77,INT
XN,1.64,-49,INT
XN,1.54,-24,INT
XN,1.44,-17,INT
XN,2.22,-11,INT
XN,0.03,-6,INT
XN,0.11,-2,INT
XN,0.18,2,INT
XN,0.26,6,INT
XN,0.25,10,INT
XN,0.24,17,INT
XN,0.22,27,INT
XN,0.21,55,INT
XN,0.61,82,INT
XN,1.01,124,INT
XO,19.94,-4075,INT
XO,20.58,-3900,INT
XO,20.89,-3768,INT
XO,20.95,-3722,INT
XO,21.01,-3635,INT
XO,20.82,-3410,INT
XO,21.09,-3222,INT
XO,21.37,-2982,INT
XO,21.04,-2692,INT
XO,21.28,-2504,INT
XO,21.15,-2252,INT
XO,21.86,-2016,INT
XO,21.51,-1739,INT
XO,21.32,-1334,INT
XO,21.43,-1125,INT
XO,21.53,-1100,INT
XO,21.71,-880,INT
XO,21.16,-620,INT
XO,21.7,-502,INT
XO,21.41,-340,INT
XO,21.21,-204,INT
XO,20.59,-139,INT
XO,20.74,-101,INT
XO,20.6,-91,INT
XO,21.07,-77,INT
XO,20.99,-49,INT
XO,20.99,-24,INT
XO,21.06,-17,INT
XO,20.09,-11,INT
XO,19.04,-6,INT
XO,18.99,-2,INT
XO,18.75,2,INT
XO,18.88,6,INT
XO,18.46,10,INT
XO,18.57,17,INT
XO,19.16,27,INT
XO,18.29,55,INT
XO,18.24,82,INT
XO,18.19,124,INT
XO,18.45,165,INT
XO,18.71,470,INT
XOs,5.02,-880,INT
XOs,9.01,-620,INT
XOs,6.8,-502,INT
XOs,4.58,-340,INT
XOs,4.43,-204,INT
XOs,4.28,-139,INT
XOs,5.48,-101,INT
XOs,6.67,-91,INT
XOs,10.55,-77,INT
XOs,6.34,-49,INT
XOs,3.1,-24,INT
XOs,3.77,-17,INT
XOs,4.44,-11,INT
XOs,1.64,-6,INT
XOs,1.93,-2,INT
XOs,1.33,2,INT
XOs,1.68,6,INT
XOs,2.02,10,INT
XOs,2.37,17,INT
XOs,2.11,27,INT
XOs,1.84,55,INT
XOs,1.58,82,INT
XOs,1.32,124,INT
XOs,1.3,165,INT
XOs,1.28,470,INT
XS33,0.034579142,-339.5,INT
XS33,0.044102072,-203.5,INT
XS33,0.067491781,-138.5,INT
XS33,0.051876645,-101,INT
XS33,-0.0151841,-90.5,INT
XS33,0.067740268,-76.5,INT
XS33,0.038379738,-48.5,INT
XS33,0.000182832,-24,INT
XS33,0.077328311,-16.5,INT
XS33,0.059514233,-11,INT
XS33,0.080297532,-6,INT
XS33,0.101080832,-2,INT
XS33,0.070264556,2,INT
XS33,0.048446229,6,INT
XS33,0.026627902,10,INT
XS33,0.004809575,17,INT
XS33,0.082710462,27,INT
XS33,0.080388822,54.5,INT
XS33,0.080235443,81.5,INT
XS33,0.056924615,124,INT
XS34,-21.19,-340,INT
XS34,-19.12,-204,INT
XS34,-24.65,-139,INT
XS34,-23.28,-101,INT
XS34,-6.26,-91,INT
XS34,-27.7,-77,INT
XS34,-24.96,-49,INT
XS34,-15.07,-24,INT
XS34,-24.05,-17,INT
XS34,-28.96,-11,INT
XS34,-31.78,-6,INT
XS34,-34.6,-2,INT
XS34,-31.2,2,INT
XS34,-28.99,6,INT
XS34,-26.77,10,INT
XS34,-24.56,17,INT
XS34,-29.23,27,INT
XS34,-31.15,55,INT
XS34,-32.37,82,INT
XS34,-30.41,124,INT
XSr,0.70718,-4375,INT
XSr,0.70707,-4320,INT
XSr,0.7071,-4265,INT
XSr,0.70714,-4205,INT
XSr,0.70708,-4075,INT
XSr,0.70703,-3900,INT
XSr,0.70706,-3768,INT
XSr,0.70711,-3722,INT
XSr,0.70716,-3635,INT
XSr,0.70711,-3410,INT
XSr,0.70705,-3222,INT
XSr,0.70711,-2982,INT
XSr,0.70711,-2692,INT
XSr,0.70711,-2504,INT
XSr,0.70713,-2252,INT
XSr,0.70714,-2016,INT
XSr,0.70716,-1739,INT
XSr,0.70705,-1334,INT
XSr,0.70707,-1125,INT
XSr,0.70708,-1100,INT
XSr,0.70709,-880,INT
XSr,0.70706,-620,INT
XSr,0.70713,-502,INT
XSr,0.70713,-340,INT
XSr,0.70712,-204,INT
XSr,0.70711,-139,INT
XSr,0.70712,-101,INT
XSr,0.70714,-91,INT
XSr,0.70715,-77,INT
XSr,0.70716,-49,INT
XSr,0.70712,-24,INT
XSr,0.70707,-17,INT
XSr,0.70717,-11,INT
XSr,0.70717,-6,INT
XSr,0.70717,-2,INT
XSr,0.70717,2,INT
XSr,0.70713,6,INT
XSr,0.70709,10,INT
XSr,0.70711,17,INT
XSr,0.70714,27,INT
XSr,0.70716,55,INT
XSr,0.70718,82,INT
XSr,0.70721,124,INT
XSr,0.70728,165,INT
XSr,0.70736,470,INT
XThU,0.02,-4205,INT
XThU,0.03,-4075,INT
XThU,0.04,-3900,INT
XThU,0.11,-3767.5,INT
XThU,0.06,-3721.5,INT
XThU,0.1,-3634.5,INT
XThU,0.04,-3409.5,INT
XThU,0.07,-3221.5,INT
XThU,0.01,-2981.5,INT
XThU,0.02,-2691.5,INT
XThU,0.09,-2503.5,INT
XThU,0.16,-2252,INT
XThU,0.03,-2015.5,INT
XThU,0.02,-1739,INT
XThU,0.04,-1334,INT
XThU,0.03,-1124.5,INT
XThU,0.07,-1100,INT
XThU,0.04,-880,INT
XThU,0,-620,INT
XThU,0.19,-501.5,INT
XThU,0.11,-339.5,INT
XThU,0.2,-203.5,INT
XThU,0.29,-138.5,INT
XThU,0.206666667,-101,INT
XThU,0.123333333,-90.5,INT
XThU,0.04,-76.5,INT
XThU,0.74,-48.5,INT
XThU,1.44,-24,INT
XThU,2.14,-16.5,INT
XThU,0.4,-11,INT
XThU,0.373333333,-6,INT
XThU,0.346666667,-2,INT
XThU,0.32,2,INT
XThU,0.295,6,INT
XThU,0.27,10,INT
XThU,0.735,17,INT
XThU,1.2,27,INT
XThU,9.34,54.5,INT
XThU,27.3,81.5,INT
XThU,18,124,INT
XThU,78.4,164.5,INT
XThU,37.1,470,INT
XTOC,0.31,-4740,INT
XTOC,0.09,-4375,INT
XTOC,0.2,-4320,INT
XTOC,0.31,-4265,INT
XTOC,0.42,-4205,INT
XTOC,0.41,-4075,INT
XTOC,0.4,-3900,INT
XTOC,0.01,-3768,INT
XTOC,0.19,-3722,INT
XTOC,0.37,-3635,INT
XTOC,0.55,-3410,INT
XTOC,1.22,-3222,INT
XTOC,0.24,-2982,INT
XTOC,0.34,-2692,INT
XTOC,0.6,-2504,INT
XTOC,0.65,-2252,INT
XTOC,0.4,-2016,INT
XTOC,0.16,-1739,INT
XTOC,0.62,-1334,INT
XTOC,0.45,-1125,INT
XTOC,0.28,-1100,INT
XTOC,0.11,-880,INT
XTOC,0.19,-620,INT
XTOC,0.59,-502,INT
XTOC,0.32,-340,INT
XTOC,0.96,-204,INT
XTOC,0.41,-139,INT
XTOC,0.86,-101,INT
XTOC,1.08,-91,INT
XTOC,0.63,-77,INT
XTOC,1.14,-49,INT
XTOC,1.56,-24,INT
XTOC,0.24,-17,INT
XTOC,1.68,-11,INT
XTOC,0.54,-6,INT
XTOC,0.71,-2,INT
XTOC,0.76,2,INT
XTOC,0.72,6,INT
XTOC,1.44,10,INT
XTOC,0.44,17,INT
XTOC,0.79,27,INT
XTOC,0.95,55,INT
XTOC,0.81,82,INT
XTOC,0.99,124,INT
XZn,0.79,-1539,INT
XZn,0.803333333,-1129,INT
XZn,0.816666667,-1120,INT
XZn,0.83,-1080,INT
XZn,0.8,-680,INT
XZn,0.6266667,-560,INT
XZn,0.738,-443,INT
XZn,0.8333333,-236,INT
XZn,0.98,-171,INT
XZn,1.08,-106,INT
XZn,0.99,-96,INT
XZn,0.9475,-85,INT
XZn,0.905,-68,INT
XZn,0.85,-29,INT
XZn,0.8225,-19,INT
XZn,0.795,-14,INT
XZn,0.7675,-8,INT
XZn,0.74,-4,INT
XZn,0.6975,0,INT
XZn,0.655,4,INT
XZn,0.6125,8,INT
XZn,0.57,12,INT
XZn,0.445,22,INT
XZn,0.33875,32,INT
XZn,0.485,77,INT
XZn,0.905,86,INT
XZn,0.84,162,INT
XZn,0.82125,167,INT
OCe,-0.2,-4740,PMM
OCe,-0.17,-4375,PMM
OCe,-0.2,-4320,PMM
OCe,-0.16,-4265,PMM
OCe,-0.118,-4205,PMM
OCe,-0.136,-4075,PMM
OCe,-0.28,-3900,PMM
OCe,-0.23,-3767.5,PMM
OCe,-0.01,-3721.5,PMM
OCe,-0.07,-3634.5,PMM
OCe,-0.13,-3409.5,PMM
OCe,-0.22,-3221.5,PMM
OCe,-0.23,-2981.5,PMM
OCe,0.03,-2691.5,PMM
OCe,-0.164,-2503.5,PMM
OCe,0.02,-2252,PMM
OCe,-0.3,-2015.5,PMM
OCe,-0.26,-1739,PMM
OCe,-0.24,-1334,PMM
OCe,0.09,-1124.5,PMM
OCe,-0.3,-1100,PMM
OCe,-0.19,-880,PMM
OCe,-0.28,-620,PMM
OCe,-0.08,-501.5,PMM
OCe,-0.08,-339.5,PMM
OCe,-0.106,-203.5,PMM
OCe,-0.09,-138.5,PMM
OCe,-0.188,-101,PMM
OCe,-0.142,-90.5,PMM
OCe,-0.14,-76.5,PMM
OCe,-0.054,-48.5,PMM
OCe,-0.114,-24,PMM
OCe,-0.13,-16.5,PMM
OCe,-0.1,-11,PMM
OCe,-0.15,-6,PMM
OCe,-0.102,-2,PMM
OCe,-0.13,2,PMM
OCe,-0.14,6,PMM
OCe,-0.19,10,PMM
OCe,-0.122,17,PMM
OCe,-0.2,27,PMM
OCe,-0.16,54.5,PMM
OCe,-0.01,81.5,PMM
OCe,-0.01,124,PMM
OCe,-0.18,164.5,PMM
OCe,-0.01,470,PMM
OCe,0.03,823,PMM
OCe,0.04,921,PMM
OCe,0,976,PMM
XCa,-0.6,-339.5,PMM
XCa,-0.62,-203.5,PMM
XCa,-0.736666667,-138.5,PMM
XCa,-0.74,-101,PMM
XCa,-0.76,-90.5,PMM
XCa,-0.8,-76.5,PMM
XCa,-0.733333333,-48.5,PMM
XCa,-0.86,-24,PMM
XCa,-0.72,-16.5,PMM
XCa,-0.75,-11,PMM
XCa,-0.86,-6,PMM
XCa,-0.812666667,-2,PMM
XCa,-0.95,2,PMM
XCa,-0.716,6,PMM
XCa,-0.83,10,PMM
XCa,-0.79,17,PMM
XCa,-0.69,27,PMM
XCa,-0.75,54.5,PMM
XCcarb,1.466,-4740,PMM
XCcarb,3.646,-4375,PMM
XCcarb,3.5485,-4320,PMM
XCcarb,3.844,-4265,PMM
XCcarb,2.086,-4205,PMM
XCcarb,3.484857143,-4075,PMM
XCcarb,3.357,-3900,PMM
XCcarb,3.28,-3767.5,PMM
XCcarb,3.189733333,-3721.5,PMM
XCcarb,2.995,-3634.5,PMM
XCcarb,3.153333333,-3409.5,PMM
XCcarb,3.34,-3221.5,PMM
XCcarb,3.333333333,-2981.5,PMM
XCcarb,2.835,-2691.5,PMM
XCcarb,2.775,-2503.5,PMM
XCcarb,2.708333333,-2252,PMM
XCcarb,3.005,-2015.5,PMM
XCcarb,3.985384615,-1739,PMM
XCcarb,3.9275,-1334,PMM
XCcarb,2.826297778,-1124.5,PMM
XCcarb,3.2,-1100,PMM
XCcarb,3.3045,-880,PMM
XCcarb,3.514888889,-620,PMM
XCcarb,3.5835,-501.5,PMM
XCcarb,3.730409091,-339.5,PMM
XCcarb,3.94675,-203.5,PMM
XCcarb,3.625666667,-138.5,PMM
XCcarb,3.3941,-101,PMM
XCcarb,3.395,-90.5,PMM
XCcarb,3.146,-76.5,PMM
XCcarb,2.6086,-48.5,PMM
XCcarb,1.414,-24,PMM
XCcarb,1.5616,-16.5,PMM
XCcarb,-0.590545455,-11,PMM
XCcarb,-0.317428571,-6,PMM
XCcarb,0.169181818,-2,PMM
XCcarb,0.373625,2,PMM
XCcarb,0.549444444,6,PMM
XCcarb,0.6745,10,PMM
XCcarb,0.6351,17,PMM
XCcarb,0.643,27,PMM
XCcarb,0.485,54.5,PMM
XCcarb,1.7236,81.5,PMM
XCcarb,0.206,124,PMM
XCcarb,1.859880555,164.5,PMM
XCcarb,-0.988285714,470,PMM
XCcarb,-0.964,823,PMM
XCcarb,-0.536,921,PMM
XCcarb,0.792,976,PMM
XCcarb,0.8823,999.5,PMM
XCcarb,0.729134286,1032,PMM
XCcarb,0.666,1062,PMM
XCcarb,1.014,1125.5,PMM
XCcarb,1.824,1214.5,PMM
XCcarb,0.659379221,1281,PMM
XCcarb,2.303,1342.5,PMM
XCcarb,2.468,1395.5,PMM
XCcarb,2.419,1442.5,PMM
XCcarb,0.837005195,1486,PMM
XCcarb,0.729005195,1505.5,PMM
XCcarb,2.52,1533,PMM
XCd,0.47,-339.5,PMM
XCd,0.433333333,-203.5,PMM
XCd,0.49,-138.5,PMM
XCd,0.5,-101,PMM
XCd,0.445,-90.5,PMM
XCd,0.31,-76.5,PMM
XCd,0.275,-48.5,PMM
XCd,0.266666667,-24,PMM
XCd,0.47,-16.5,PMM
XCd,-0.03,-11,PMM
XCd,0.06,-6,PMM
XCd,0,-2,PMM
XCd,0.08,2,PMM
XCd,-0.26,6,PMM
XCd,-0.23,10,PMM
XCd,-0.05,17,PMM
XCd,-0.29,27,PMM
XCd,0.016666667,54.5,PMM
XCd,-0.08,81.5,PMM
XCd,-0.195,124,PMM
XCorg,-26.42,-4740,PMM
XCorg,-25.85,-4375,PMM
XCorg,-26.67353333,-4320,PMM
XCorg,-26.491,-4265,PMM
XCorg,-27.87,-4205,PMM
XCorg,-26.4906,-4075,PMM
XCorg,-26.02,-3900,PMM
XCorg,-25.98,-3767.5,PMM
XCorg,-27.2542,-3721.5,PMM
XCorg,-27.1946,-3634.5,PMM
XCorg,-27.16,-3409.5,PMM
XCorg,-27.38,-3221.5,PMM
XCorg,-26.595,-2981.5,PMM
XCorg,-26.94,-2691.5,PMM
XCorg,-26.22,-2503.5,PMM
XCorg,-27.755,-2252,PMM
XCorg,-28.359,-2015.5,PMM
XCorg,-26.555,-1739,PMM
XCorg,-28.67,-1334,PMM
XCorg,-28.49843333,-1124.5,PMM
XCorg,-28.6712,-1100,PMM
XCorg,-29.06,-880,PMM
XCorg,-29.08,-620,PMM
XCorg,-28.11,-501.5,PMM
XCorg,-27.51,-339.5,PMM
XCorg,-28,-203.5,PMM
XCorg,-28.38,-138.5,PMM
XCorg,-29.8,-101,PMM
XCorg,-28.42,-90.5,PMM
XCorg,-29.235,-76.5,PMM
XCorg,-28.69666667,-48.5,PMM
XCorg,-28.5375,-24,PMM
XCorg,-28.285,-16.5,PMM
XCorg,-29.948,-11,PMM
XCorg,-30.544,-6,PMM
XCorg,-26.00666667,-2,PMM
XCorg,-26.04,2,PMM
XCorg,-25.815,6,PMM
XCorg,-25.2,10,PMM
XCorg,-26.9,17,PMM
XCorg,-25.545,27,PMM
XCorg,-28.66166667,54.5,PMM
XCorg,-25.54,81.5,PMM
XCorg,-27.458,124,PMM
XCorg,-27.08266667,164.5,PMM
XCorg,-26.2,470,PMM
XCorg,-26.02733333,823,PMM
XCorg,-25,921,PMM
XCorg,-26.654,976,PMM
XCorg,-26.88233333,999.5,PMM
XCorg,-26.75133333,1032,PMM
XCorg,-26.365,1062,PMM
XCorg,-26.662,1125.5,PMM
XCorg,-25.483,1214.5,PMM
XCorg,-27.16733333,1281,PMM
XCorg,-24.4,1342.5,PMM
XCorg,-26.58366667,1395.5,PMM
XCorg,-26.663,1442.5,PMM
XCorg,-27.65733333,1486,PMM
XCorg,-26.9901,1505.5,PMM
XCorg,-26.342,1533,PMM
XFeHr,0.81,-501.5,PMM
XFeHr,0.81,-339.5,PMM
XFeHr,0.825,-203.5,PMM
XFeHr,0.72,-138.5,PMM
XFeHr,0.78,-101,PMM
XFeHr,0.60175,-90.5,PMM
XFeHr,0.723,-76.5,PMM
XFeHr,0.775,-48.5,PMM
XFeHr,0.6825,-24,PMM
XFeHr,0.66,-16.5,PMM
XFeHr,0.61,-11,PMM
XFeHr,0.63,-6,PMM
XFeHr,0.74,-2,PMM
XFeHr,0.76,2,PMM
XFeHr,0.78,6,PMM
XFeHr,0.69,10,PMM
XFeHr,0.4,17,PMM
XFeHr,0.56,27,PMM
XFeHr,0.612,54.5,PMM
XFeHr,0.5925,81.5,PMM
XFeHr,0.50375,124,PMM
XFeHr,0.46,164.5,PMM
XFeHr,0.467368421,470,PMM
XFeHr,0.41,823,PMM
XFePy,0.64,-501.5,PMM
XFePy,0.5,-339.5,PMM
XFePy,0.575,-203.5,PMM
XFePy,0.78,-138.5,PMM
XFePy,0.71,-101,PMM
XFePy,0.677,-90.5,PMM
XFePy,0.606333333,-76.5,PMM
XFePy,0.5775,-48.5,PMM
XFePy,0.673333333,-24,PMM
XFePy,0.626666667,-16.5,PMM
XFePy,0.765,-11,PMM
XFePy,0.76,-6,PMM
XFePy,0.7,-2,PMM
XFePy,0.63,2,PMM
XFePy,0.66,6,PMM
XFePy,0.745,10,PMM
XFePy,0.69,17,PMM
XFePy,0.85,27,PMM
XFePy,0.624,54.5,PMM
XFePy,0.5025,81.5,PMM
XFePy,0.5425,124,PMM
XFePy,0.54,164.5,PMM
XFePy,0.46,470,PMM
XFePy,0.24,823,PMM
XLi,9.88,-339.5,PMM
XLi,7.7,-203.5,PMM
XLi,7.5,-138.5,PMM
XLi,5.85,-101,PMM
XLi,12.4,-90.5,PMM
XLi,6.482666667,-76.5,PMM
XLi,8.4,-48.5,PMM
XLi,9.65,-24,PMM
XLi,0.3,-16.5,PMM
XLi,0.533333333,-11,PMM
XLi,6.688095238,-6,PMM
XLi,7.372666667,-2,PMM
XLi,9.3,2,PMM
XLi,7.75,6,PMM
XLi,6.453846154,10,PMM
XLi,6.8,17,PMM
XLi,4.516666667,27,PMM
XLi,3.7,54.5,PMM
XLi,4.4,81.5,PMM
XLi,1.557142857,124,PMM
XLi,4.659846154,164.5,PMM
XLi,1.269230769,470,PMM
XLi,1.25,823,PMM
XN,2.725,-4740,PMM
XN,2.165,-4375,PMM
XN,2.44,-4320,PMM
XN,2.484,-4265,PMM
XN,2.232666667,-4205,PMM
XN,2.564,-4075,PMM
XN,2.635,-3900,PMM
XN,1.587333333,-3767.5,PMM
XN,2.287,-3721.5,PMM
XN,2.413,-3634.5,PMM
XN,3.49,-3409.5,PMM
XN,2.2,-3221.5,PMM
XN,0.8,-2981.5,PMM
XN,2.254,-2691.5,PMM
XN,1.57,-2503.5,PMM
XN,3.5,-2252,PMM
XN,2.008,-2015.5,PMM
XN,0.98,-1739,PMM
XN,1.58,-1334,PMM
XN,2.569,-1124.5,PMM
XN,1.789,-1100,PMM
XN,1.227,-880,PMM
XN,1.301,-620,PMM
XN,1.61,-501.5,PMM
XN,2.703333333,-339.5,PMM
XN,2.163,-203.5,PMM
XN,2.41,-138.5,PMM
XN,1.446,-101,PMM
XN,2.17,-90.5,PMM
XN,1.74,-76.5,PMM
XN,2.164,-48.5,PMM
XN,2.347,-24,PMM
XN,1.44,-16.5,PMM
XN,2.22,-11,PMM
XN,0.03,-6,PMM
XN,1.777333333,-2,PMM
XN,1.965333333,2,PMM
XN,0.26,6,PMM
XN,1.62,10,PMM
XN,1.751666667,17,PMM
XN,0.935333333,27,PMM
XN,0.21,54.5,PMM
XN,1.614666667,81.5,PMM
XN,1.006666667,124,PMM
XN,1.802,164.5,PMM
XN,1.790666667,470,PMM
XN,2.320333333,823,PMM
XN,1.539,921,PMM
XN,2.055666667,976,PMM
XN,1.228333333,999.5,PMM
XN,1.526,1032,PMM
XN,1.502,1062,PMM
XN,1.944666667,1125.5,PMM
XN,1.043,1214.5,PMM
XN,1.557333333,1281,PMM
XN,1.234333333,1342.5,PMM
XN,1.369333333,1395.5,PMM
XN,0.856,1442.5,PMM
XN,1.687,1486,PMM
XN,1.195666667,1505.5,PMM
XN,1.813,1533,PMM
XO,19.935,-4075,PMM
XO,20.58,-3900,PMM
XO,20.885,-3767.5,PMM
XO,21.2443,-3721.5,PMM
XO,21.008,-3634.5,PMM
XO,20.815,-3409.5,PMM
XO,20.70496667,-3221.5,PMM
XO,21.36666667,-2981.5,PMM
XO,21.04,-2691.5,PMM
XO,21.27666667,-2503.5,PMM
XO,21.15,-2252,PMM
XO,21.85666667,-2015.5,PMM
XO,21.51333333,-1739,PMM
XO,21.32333333,-1334,PMM
XO,20.91266667,-1124.5,PMM
XO,21.53,-1100,PMM
XO,21.71142857,-880,PMM
XO,21.16333333,-620,PMM
XO,21.70333333,-501.5,PMM
XO,21.41,-339.5,PMM
XO,21.2075,-203.5,PMM
XO,20.58833333,-138.5,PMM
XO,20.74333333,-101,PMM
XO,20.6,-90.5,PMM
XO,21.07333333,-76.5,PMM
XO,20.994,-48.5,PMM
XO,20.99,-24,PMM
XO,21.06,-16.5,PMM
XO,20.09,-11,PMM
XO,19.04,-6,PMM
XO,18.98666667,-2,PMM
XO,18.745,2,PMM
XO,18.88,6,PMM
XO,18.46333333,10,PMM
XO,18.57,17,PMM
XO,19.155,27,PMM
XO,18.29166667,54.5,PMM
XO,18.63033333,81.5,PMM
XO,18.19,124,PMM
XO,19.66933333,164.5,PMM
XO,18.71,470,PMM
XO,18.91,823,PMM
XO,18.543,921,PMM
XO,18.78533333,976,PMM
XO,18.48633333,999.5,PMM
XO,18.972,1032,PMM
XO,18.62866667,1062,PMM
XO,18.646,1125.5,PMM
XO,18.72066667,1214.5,PMM
XO,18.76466667,1281,PMM
XO,18.54833333,1342.5,PMM
XO,19.987,1395.5,PMM
XO,19.13333333,1442.5,PMM
XO,18.84933333,1486,PMM
XO,18.722,1505.5,PMM
XO,19.082,1533,PMM
XOs,5.02,-880,PMM
XOs,9.01,-620,PMM
XOs,4.3435,-501.5,PMM
XOs,4.58,-339.5,PMM
XOs,3.991,-203.5,PMM
XOs,4.28,-138.5,PMM
XOs,5.0805,-101,PMM
XOs,6.67,-90.5,PMM
XOs,10.55,-76.5,PMM
XOs,6.3425,-48.5,PMM
XOs,3.1,-24,PMM
XOs,2.096,-16.5,PMM
XOs,4.44,-11,PMM
XOs,1.64,-6,PMM
XOs,1.93,-2,PMM
XOs,1.33,2,PMM
XOs,4.8175,6,PMM
XOs,4.447,10,PMM
XOs,2.37,17,PMM
XOs,2.8365,27,PMM
XOs,3.402,54.5,PMM
XOs,2.7705,81.5,PMM
XOs,1.315,124,PMM
XOs,3.768,164.5,PMM
XOs,1.2825,470,PMM
XS33,0.034579142,-339.5,PMM
XS33,0.044102072,-203.5,PMM
XS33,0.067491781,-138.5,PMM
XS33,0.051876645,-101,PMM
XS33,-0.0151841,-90.5,PMM
XS33,0.067740268,-76.5,PMM
XS33,0.038379738,-48.5,PMM
XS33,0.000182832,-24,PMM
XS33,0.077328311,-16.5,PMM
XS33,0.059514233,-11,PMM
XS33,0.054419864,-6,PMM
XS33,0.101080832,-2,PMM
XS33,0.070264556,2,PMM
XS33,0.065205781,6,PMM
XS33,0.058897084,10,PMM
XS33,0.004809576,17,PMM
XS33,0.082710462,27,PMM
XS33,0.080388822,54.5,PMM
XS33,0.080235443,81.5,PMM
XS33,0.056924615,124,PMM
XS34,-21.18875,-339.5,PMM
XS34,-19.11888889,-203.5,PMM
XS34,-24.65444444,-138.5,PMM
XS34,-23.28,-101,PMM
XS34,-6.26,-90.5,PMM
XS34,-27.7,-76.5,PMM
XS34,-24.96111111,-48.5,PMM
XS34,-15.065,-24,PMM
XS34,-24.048,-16.5,PMM
XS34,-28.964,-11,PMM
XS34,-28.95775,-6,PMM
XS34,-34.6,-2,PMM
XS34,-31.2,2,PMM
XS34,-31.352,6,PMM
XS34,-30.26,10,PMM
XS34,-24.56,17,PMM
XS34,-29.23,27,PMM
XS34,-31.14666667,54.5,PMM
XS34,-32.37,81.5,PMM
XS34,-30.41,124,PMM
XSr,0.707146,-4740,PMM
XSr,0.70718,-4375,PMM
XSr,0.707065,-4320,PMM
XSr,0.707198667,-4265,PMM
XSr,0.70714,-4205,PMM
XSr,0.707132,-4075,PMM
XSr,0.707025,-3900,PMM
XSr,0.70706,-3767.5,PMM
XSr,0.707089,-3721.5,PMM
XSr,0.70716,-3634.5,PMM
XSr,0.707142,-3409.5,PMM
XSr,0.70705,-3221.5,PMM
XSr,0.70711,-2981.5,PMM
XSr,0.707186667,-2691.5,PMM
XSr,0.70711,-2503.5,PMM
XSr,0.707173667,-2252,PMM
XSr,0.707194667,-2015.5,PMM
XSr,0.70716,-1739,PMM
XSr,0.707053333,-1334,PMM
XSr,0.707093,-1124.5,PMM
XSr,0.707136,-1100,PMM
XSr,0.70709,-880,PMM
XSr,0.70706,-620,PMM
XSr,0.70713,-501.5,PMM
XSr,0.70713,-339.5,PMM
XSr,0.707152,-203.5,PMM
XSr,0.70711,-138.5,PMM
XSr,0.707098,-101,PMM
XSr,0.707112,-90.5,PMM
XSr,0.707190667,-76.5,PMM
XSr,0.70716,-48.5,PMM
XSr,0.707107,-24,PMM
XSr,0.70707,-16.5,PMM
XSr,0.70717,-11,PMM
XSr,0.707178667,-6,PMM
XSr,0.707109,-2,PMM
XSr,0.70717,2,PMM
XSr,0.707112,6,PMM
XSr,0.70709,10,PMM
XSr,0.707190667,17,PMM
XSr,0.707098,27,PMM
XSr,0.70716,54.5,PMM
XSr,0.707196667,81.5,PMM
XSr,0.707205,124,PMM
XSr,0.707122,164.5,PMM
XSr,0.707363333,470,PMM
XSr,0.707186667,823,PMM
XSr,0.707144,921,PMM
XSr,0.707091,976,PMM
XSr,0.707095,999.5,PMM
XSr,0.707135667,1032,PMM
XSr,0.707095,1062,PMM
XSr,0.707095,1125.5,PMM
XSr,0.707126,1214.5,PMM
XSr,0.707178667,1281,PMM
XSr,0.70709,1342.5,PMM
XSr,0.707084,1395.5,PMM
XSr,0.707097,1442.5,PMM
XSr,0.707105,1486,PMM
XSr,0.707128,1505.5,PMM
XSr,0.707112,1533,PMM
XThU,0.11,-4740,PMM
XThU,0.03,-4375,PMM
XThU,0.08,-4320,PMM
XThU,0.01,-4265,PMM
XThU,6.646,-4205,PMM
XThU,4.506,-4075,PMM
XThU,0.04,-3900,PMM
XThU,0.11,-3767.5,PMM
XThU,0.06,-3721.5,PMM
XThU,0.1,-3634.5,PMM
XThU,0.04,-3409.5,PMM
XThU,0.07,-3221.5,PMM
XThU,0.01,-2981.5,PMM
XThU,0.02,-2691.5,PMM
XThU,4.33,-2503.5,PMM
XThU,0.16,-2252,PMM
XThU,0.03,-2015.5,PMM
XThU,0.02,-1739,PMM
XThU,0.04,-1334,PMM
XThU,0.03,-1124.5,PMM
XThU,0.07,-1100,PMM
XThU,0.04,-880,PMM
XThU,0,-620,PMM
XThU,0.19,-501.5,PMM
XThU,0.11,-339.5,PMM
XThU,0.476,-203.5,PMM
XThU,0.29,-138.5,PMM
XThU,11.95,-101,PMM
XThU,16.716,-90.5,PMM
XThU,0.04,-76.5,PMM
XThU,4.506,-48.5,PMM
XThU,5.568,-24,PMM
XThU,2.14,-16.5,PMM
XThU,0.4,-11,PMM
XThU,0.174,-6,PMM
XThU,0.086,-2,PMM
XThU,0.32,2,PMM
XThU,0.28,6,PMM
XThU,0.27,10,PMM
XThU,4.502,17,PMM
XThU,1.2,27,PMM
XThU,9.34,54.5,PMM
XThU,27.3,81.5,PMM
XThU,18,124,PMM
XThU,78.4,164.5,PMM
XThU,37.1,470,PMM
XThU,33.1,823,PMM
XThU,22.3,921,PMM
XThU,2.27,976,PMM
XTOC,0.305,-4740,PMM
XTOC,0.09,-4375,PMM
XTOC,0.197,-4320,PMM
XTOC,0.569,-4265,PMM
XTOC,0.42,-4205,PMM
XTOC,0.256,-4075,PMM
XTOC,0.395,-3900,PMM
XTOC,0.01,-3767.5,PMM
XTOC,0.346666667,-3721.5,PMM
XTOC,0.277,-3634.5,PMM
XTOC,0.55,-3409.5,PMM
XTOC,1.22,-3221.5,PMM
XTOC,0.235,-2981.5,PMM
XTOC,0.34,-2691.5,PMM
XTOC,0.6,-2503.5,PMM
XTOC,0.645,-2252,PMM
XTOC,0.6085,-2015.5,PMM
XTOC,0.155,-1739,PMM
XTOC,0.62,-1334,PMM
XTOC,0.946,-1124.5,PMM
XTOC,0.6505,-1100,PMM
XTOC,0.11,-880,PMM
XTOC,0.19,-620,PMM
XTOC,0.59,-501.5,PMM
XTOC,0.324285714,-339.5,PMM
XTOC,0.956666667,-203.5,PMM
XTOC,0.408,-138.5,PMM
XTOC,0.86,-101,PMM
XTOC,1.08,-90.5,PMM
XTOC,0.63,-76.5,PMM
XTOC,1.1375,-48.5,PMM
XTOC,1.56,-24,PMM
XTOC,0.24,-16.5,PMM
XTOC,1.68,-11,PMM
XTOC,0.54,-6,PMM
XTOC,0.71,-2,PMM
XTOC,0.76,2,PMM
XTOC,0.72,6,PMM
XTOC,1.44,10,PMM
XTOC,0.44,17,PMM
XTOC,0.79,27,PMM
XTOC,0.95,54.5,PMM
XTOC,0.813333333,81.5,PMM
XTOC,0.9925,124,PMM
XZn,0.79,-1334,PMM
XZn,0.6796,-1124.5,PMM
XZn,0.689083333,-1100,PMM
XZn,0.83,-880,PMM
XZn,0.8,-620,PMM
XZn,0.626666667,-501.5,PMM
XZn,0.738,-339.5,PMM
XZn,0.833333333,-203.5,PMM
XZn,0.98,-138.5,PMM
XZn,1.08,-101,PMM
XZn,0.99,-90.5,PMM
XZn,0.734583333,-76.5,PMM
XZn,0.905,-48.5,PMM
XZn,0.85,-24,PMM
XZn,0.61185,-16.5,PMM
XZn,0.7996,-11,PMM
XZn,0.730333333,-6,PMM
XZn,0.74,-2,PMM
XZn,0.729333333,2,PMM
XZn,0.723,6,PMM
XZn,0.781933333,10,PMM
XZn,0.57,17,PMM
XZn,0.445,27,PMM
XZn,0.33875,54.5,PMM
XZn,0.485,81.5,PMM
XZn,0.905,124,PMM
XZn,0.84,164.5,PMM
XZn,0.82125,470,PMM
Oce,-0.2,-4610,RAW
Oce,-0.17,-4375,RAW
Oce,-0.2,-4320,RAW
Oce,-0.16,-4265,RAW
Oce,-0.28,-3900,RAW
Oce,-0.23,-3767.5,RAW
Oce,-0.01,-3721.5,RAW
Oce,-0.07,-3634.5,RAW
Oce,-0.13,-3409.5,RAW
Oce,-0.22,-3221.5,RAW
Oce,-0.23,-2981.5,RAW
Oce,0.03,-2691.5,RAW
Oce,0.02,-2412,RAW
Oce,-0.3,-2015.5,RAW
Oce,-0.26,-1739,RAW
Oce,-0.24,-1334,RAW
Oce,0.09,-1124.5,RAW
Oce,-0.3,-1100,RAW
Oce,-0.19,-880,RAW
Oce,-0.28,-620,RAW
Oce,-0.08,-501.5,RAW
Oce,-0.08,-339.5,RAW
Oce,-0.09,-166,RAW
Oce,-0.14,-76.5,RAW
Oce,-0.13,-16.5,RAW
Oce,-0.1,-11,RAW
Oce,-0.13,0,RAW
Oce,-0.19,10,RAW
Oce,-0.2,22,RAW
Oce,-0.16,54.5,RAW
Oce,-0.01,81.5,RAW
Oce,-0.01,124,RAW
Oce,-0.18,164.5,RAW
Oce,-0.01,470,RAW
Oce,0.03,823,RAW
Oce,0.04,921,RAW
Oce,0,976,RAW
XCa,-0.6,-300,RAW
XCa,-0.62,-190,RAW
XCa,-0.68,-160,RAW
XCa,-0.74,-130,RAW
XCa,-0.79,-107,RAW
XCa,-0.74,-98,RAW
XCa,-0.76,-88,RAW
XCa,-0.8,-77,RAW
XCa,-0.79,-60,RAW
XCa,-0.76,-50,RAW
XCa,-0.65,-42,RAW
XCa,-0.86,-21,RAW
XCa,-0.72,-16,RAW
XCa,-0.71,-14,RAW
XCa,-0.79,-11,RAW
XCa,-0.86,-6,RAW
XCa,-0.95,0,RAW
XCa,-0.83,10,RAW
XCa,-0.8,14,RAW
XCa,-0.78,20,RAW
XCa,-0.75,23,RAW
XCa,-0.63,30,RAW
XCa,-0.75,50,RAW
XCcarb,0.462,-4817,RAW
XCcarb,-0.282,-4742,RAW
XCcarb,0.268,-4717,RAW
XCcarb,-0.259,-4697,RAW
XCcarb,-1.696,-4683,RAW
XCcarb,-2.194,-4660,RAW
XCcarb,1.242,-4634,RAW
XCcarb,1.618,-4611,RAW
XCcarb,2.266,-4585,RAW
XCcarb,3.417,-4549,RAW
XCcarb,3.303,-4521,RAW
XCcarb,2.929,-4495,RAW
XCcarb,2.934,-4470,RAW
XCcarb,3.495,-4446,RAW
XCcarb,3.26,-4414,RAW
XCcarb,2.693,-4391,RAW
XCcarb,3.646,-4365,RAW
XCcarb,3.614,-4340,RAW
XCcarb,3.483,-4308,RAW
XCcarb,3.844,-4274,RAW
XCcarb,3.442,-4242,RAW
XCcarb,4.076,-4190,RAW
XCcarb,1.96,-4170,RAW
XCcarb,1.53,-4170,RAW
XCcarb,1.72,-4170,RAW
XCcarb,1.37,-4170,RAW
XCcarb,1.09,-4170,RAW
XCcarb,1.5,-4170,RAW
XCcarb,3.72,-4157,RAW
XCcarb,3.289,-4130,RAW
XCcarb,3.608,-4101,RAW
XCcarb,3.905,-4074,RAW
XCcarb,3.781,-4046,RAW
XCcarb,3.236,-4021,RAW
XCcarb,2.855,-3997,RAW
XCcarb,3.357,-3971,RAW
XCcarb,3.28,-3810,RAW
XCcarb,2.94,-3610,RAW
XCcarb,3.05,-3610,RAW
XCcarb,3.35,-3510,RAW
XCcarb,2.77,-3410,RAW
XCcarb,3.34,-3310,RAW
XCcarb,3.34,-3210,RAW
XCcarb,3.73,-3110,RAW
XCcarb,3.04,-2950,RAW
XCcarb,3.23,-2790,RAW
XCcarb,2.56,-2710,RAW
XCcarb,3.11,-2600,RAW
XCcarb,2.5,-2520,RAW
XCcarb,3.05,-2520,RAW
XCcarb,2.42,-2400,RAW
XCcarb,2.54,-2400,RAW
XCcarb,2.59,-2400,RAW
XCcarb,2.76,-2310,RAW
XCcarb,2.77,-2210,RAW
XCcarb,3.17,-2110,RAW
XCcarb,2.95,-2020,RAW
XCcarb,3.06,-2020,RAW
XCcarb,4.43,-1910,RAW
XCcarb,4.36,-1910,RAW
XCcarb,4.55,-1910,RAW
XCcarb,4.46,-1910,RAW
XCcarb,3.56,-1910,RAW
XCcarb,3.81,-1910,RAW
XCcarb,3.87,-1910,RAW
XCcarb,4.14,-1910,RAW
XCcarb,4.06,-1910,RAW
XCcarb,4.06,-1910,RAW
XCcarb,3.82,-1810,RAW
XCcarb,2.65,-1710,RAW
XCcarb,4.04,-1610,RAW
XCcarb,4.28,-1510,RAW
XCcarb,3.45,-1410,RAW
XCcarb,4.65,-1310,RAW
XCcarb,3.33,-1210,RAW
XCcarb,3.2,-1110,RAW
XCcarb,3.4,-1010,RAW
XCcarb,3.336,-800,RAW
XCcarb,3.272,-750,RAW
XCcarb,3.486,-738,RAW
XCcarb,3.251,-720,RAW
XCcarb,2.898,-709,RAW
XCcarb,3.373,-702,RAW
XCcarb,3.42,-685,RAW
XCcarb,2.759,-672,RAW
XCcarb,3.861,-656,RAW
XCcarb,2.867,-642,RAW
XCcarb,3.922,-625,RAW
XCcarb,3.444,-618,RAW
XCcarb,3.686,-607,RAW
XCcarb,3.174,-600,RAW
XCcarb,4.206,-587,RAW
XCcarb,3.715,-570,RAW
XCcarb,3.668,-520,RAW
XCcarb,3.897,-510,RAW
XCcarb,3.685,-485,RAW
XCcarb,3.34,-478,RAW
XCcarb,3.824,-472,RAW
XCcarb,3.572,-465,RAW
XCcarb,3.774,-462,RAW
XCcarb,2.908,-446,RAW
XCcarb,4.168,-443,RAW
XCcarb,3.568,-437,RAW
XCcarb,3.427,-430,RAW
XCcarb,3.643,-423,RAW
XCcarb,3.85,-418,RAW
XCcarb,3.252,-410,RAW
XCcarb,3.404,-402,RAW
XCcarb,3.435,-395,RAW
XCcarb,3.658,-390,RAW
XCcarb,4.029,-380,RAW
XCcarb,3.586,-374,RAW
XCcarb,3.334,-370,RAW
XCcarb,3.89,-361,RAW
XCcarb,3.848,-344,RAW
XCcarb,3.829,-338,RAW
XCcarb,4.074,-331,RAW
XCcarb,3.931,-326,RAW
XCcarb,4.309,-323,RAW
XCcarb,3.466,-320,RAW
XCcarb,3.691,-307,RAW
XCcarb,3.276,-295,RAW
XCcarb,4.401,-269,RAW
XCcarb,3.828,-236,RAW
XCcarb,4.067,-194,RAW
XCcarb,3.946,-182,RAW
XCcarb,3.946,-173,RAW
XCcarb,3.616,-123,RAW
XCcarb,3.53,-110,RAW
XCcarb,3.731,-107,RAW
XCcarb,3.551,-94,RAW
XCcarb,3.239,-91,RAW
XCcarb,3.146,-73,RAW
XCcarb,3.017,-68,RAW
XCcarb,2.701,-56,RAW
XCcarb,2.555,-51,RAW
XCcarb,2.3,-42,RAW
XCcarb,2.47,-37,RAW
XCcarb,1.827,-29,RAW
XCcarb,1.307,-25,RAW
XCcarb,0.491,-24,RAW
XCcarb,2.031,-20.5,RAW
XCcarb,1.708,-18.5,RAW
XCcarb,1.655,-16.5,RAW
XCcarb,1.611,-15.5,RAW
XCcarb,1.161,-15,RAW
XCcarb,1.673,-14.5,RAW
XCcarb,-0.178,-14,RAW
XCcarb,-1.762,-13.5,RAW
XCcarb,-3.328,-13,RAW
XCcarb,-0.231,-12.5,RAW
XCcarb,-2.402,-12,RAW
XCcarb,0.48,-11.5,RAW
XCcarb,-1.094,-11.5,RAW
XCcarb,0.564,-11,RAW
XCcarb,0.54,-11,RAW
XCcarb,0.525,-10,RAW
XCcarb,0.39,-9,RAW
XCcarb,-0.49,-8,RAW
XCcarb,-0.596,-7,RAW
XCcarb,-0.213,-6.5,RAW
XCcarb,-0.258,-6,RAW
XCcarb,-0.231,-5.5,RAW
XCcarb,-0.191,-5,RAW
XCcarb,-0.243,-4.5,RAW
XCcarb,-0.42,-4,RAW
XCcarb,-0.233,-3.5,RAW
XCcarb,-0.301,-3,RAW
XCcarb,-0.289,-2.5,RAW
XCcarb,-0.225,-2,RAW
XCcarb,-0.158,-1.5,RAW
XCcarb,0.656,-1,RAW
XCcarb,0.559,-0.8,RAW
XCcarb,0.72,-0.6,RAW
XCcarb,0.87,-0.3,RAW
XCcarb,0.682,-0.1,RAW
XCcarb,0.207,0.25,RAW
XCcarb,0.241,0.75,RAW
XCcarb,0.393,1.25,RAW
XCcarb,0.363,1.75,RAW
XCcarb,0.351,2.25,RAW
XCcarb,0.515,2.75,RAW
XCcarb,0.311,3.25,RAW
XCcarb,0.608,3.75,RAW
XCcarb,0.227,4.25,RAW
XCcarb,0.248,4.25,RAW
XCcarb,0.181,4.75,RAW
XCcarb,0.09,5.25,RAW
XCcarb,0.345,5.75,RAW
XCcarb,1.077,6.25,RAW
XCcarb,1.049,6.75,RAW
XCcarb,0.646,7.25,RAW
XCcarb,1.082,7.75,RAW
XCcarb,1.184,8.25,RAW
XCcarb,1.059,8.75,RAW
XCcarb,0.743,9.25,RAW
XCcarb,0.074,9.75,RAW
XCcarb,0.291,10.25,RAW
XCcarb,0.994,10.75,RAW
XCcarb,0.21,11.25,RAW
XCcarb,0.841,11.75,RAW
XCcarb,0.824,12.25,RAW
XCcarb,0.724,12.75,RAW
XCcarb,0.485,13.25,RAW
XCcarb,0.354,13.75,RAW
XCcarb,0.421,14.25,RAW
XCcarb,0.597,14.75,RAW
XCcarb,0.392,15.25,RAW
XCcarb,0.634,15.75,RAW
XCcarb,0.999,16.25,RAW
XCcarb,0.921,16.75,RAW
XCcarb,0.666,23,RAW
XCcarb,0.62,30,RAW
XCcarb,0.687,39,RAW
XCcarb,0.567,48,RAW
XCcarb,0.201,71,RAW
XCcarb,0.206,110,RAW
XCcarb,-0.461,186,RAW
XCcarb,-0.626,210,RAW
XCcarb,-0.848,375,RAW
XCcarb,-1.232,510,RAW
XCcarb,-1.657,570,RAW
XCcarb,-1.155,710,RAW
XCcarb,-0.939,770,RAW
XCcarb,-0.964,800,RAW
XCcarb,-0.784,875,RAW
XCcarb,-0.911,885,RAW
XCcarb,0.087,930,RAW
XCcarb,0.792,980,RAW
XCcarb,0.666,1050,RAW
XCcarb,1.014,1090,RAW
XCcarb,1.824,1200,RAW
XCcarb,2.303,1310,RAW
XCcarb,2.468,1400,RAW
XCcarb,2.419,1450,RAW
XCcarb,2.52,1550,RAW
XCcarb,1.998,1700,RAW
XCcarb,2.527,1830,RAW
XCcarb,1.947,1950,RAW
XCcarb,2.817,2125,RAW
XCcarb,2.572,2700,RAW
XCcarb,2.822,2900,RAW
XCcarb,2.349,3100,RAW
XCcarb,2.178,3350,RAW
XCcarb,2.253,3900,RAW
XCcarb,2.443,4100,RAW
XCcarb,2.331,4330,RAW
XCcarb,2.008,4500,RAW
XCcarb,2.377,4670,RAW
XCcarb,2.143,4800,RAW
XCd,0.56,-410,RAW
XCd,0.54,-371,RAW
XCd,0.43,-337,RAW
XCd,0.44,-317,RAW
XCd,0.39,-288,RAW
XCd,0.46,-247,RAW
XCd,0.43,-204,RAW
XCd,0.44,-191,RAW
XCd,0.43,-182,RAW
XCd,0.46,-168,RAW
XCd,0.47,-152,RAW
XCd,0.49,-135,RAW
XCd,0.6,-123,RAW
XCd,0.43,-110,RAW
XCd,0.5,-99,RAW
XCd,0.42,-91,RAW
XCd,0.47,-87,RAW
XCd,0.31,-72,RAW
XCd,0.51,-64,RAW
XCd,-0.2,-56,RAW
XCd,0.37,-44,RAW
XCd,0.42,-30,RAW
XCd,0.59,-23,RAW
XCd,-0.27,-19.8,RAW
XCd,0.48,-19.2,RAW
XCd,0.47,-17,RAW
XCd,-0.03,-11,RAW
XCd,0.06,-7,RAW
XCd,0,-3,RAW
XCd,0.08,0,RAW
XCd,-0.26,4,RAW
XCd,-0.23,10,RAW
XCd,-0.05,13,RAW
XCd,-0.29,22,RAW
XCd,-0.13,37,RAW
XCd,-0.1,51,RAW
XCd,0.28,61,RAW
XCd,0.14,79,RAW
XCd,-0.18,81,RAW
XCd,-0.2,85,RAW
XCd,-0.19,88,RAW
XCd,-0.17,92,RAW
XCd,-0.53,108,RAW
XCd,-0.1,123,RAW
XCd,-0.16,127,RAW
XCd,-0.09,132,RAW
XCd,-0.17,138,RAW
XCd,-0.15,144,RAW
XCorg,-25.07,-5421.451,RAW
XCorg,-25.46,-5271.451,RAW
XCorg,-27.7,-4891.451,RAW
XCorg,-25.14,-4500.451,RAW
XCorg,-25.85,-4365.451,RAW
XCorg,-27.87,-4235.781,RAW
XCorg,-26.37,-3981.581,RAW
XCorg,-25.67,-3830.921,RAW
XCorg,-25.98,-3767.171,RAW
XCorg,-27.16,-3530.021,RAW
XCorg,-27.38,-3229.971,RAW
XCorg,-27.38,-2946.921,RAW
XCorg,-25.81,-2819.085,RAW
XCorg,-26.94,-2733.459,RAW
XCorg,-26.22,-2555.574,RAW
XCorg,-27.86,-2307.138,RAW
XCorg,-27.65,-2290.857,RAW
XCorg,-26.55,-1905.473,RAW
XCorg,-26.56,-1653.823,RAW
XCorg,-28.65,-1433.809,RAW
XCorg,-28.69,-1264.125,RAW
XCorg,-28.39,-980.839,RAW
XCorg,-29.73,-806.122,RAW
XCorg,-29.08,-620.62,RAW
XCorg,-28.11,-498.39,RAW
XCorg,-28.24,-441.788,RAW
XCorg,-27.37,-373.368,RAW
XCorg,-27.09,-288.776,RAW
XCorg,-27.34,-263.896,RAW
XCorg,-28,-209.5,RAW
XCorg,-28.38,-161.888,RAW
XCorg,-29.8,-105,RAW
XCorg,-28.1,-94,RAW
XCorg,-28.74,-87.248,RAW
XCorg,-28.3,-85,RAW
XCorg,-30.17,-71.076,RAW
XCorg,-28.7,-67.5,RAW
XCorg,-29.59,-41.5,RAW
XCorg,-27.8,-37.5,RAW
XCorg,-27.82,-26.5,RAW
XCorg,-28.7,-25.5,RAW
XCorg,-29.6,-22.5,RAW
XCorg,-28.03,-22.5,RAW
XCorg,-29.56,-18.828,RAW
XCorg,-28.52,-18.2,RAW
XCorg,-26.26,-17.1,RAW
XCorg,-28.8,-16,RAW
XCorg,-31.5,-13,RAW
XCorg,-30.49,-12.5,RAW
XCorg,-28.82,-10.908,RAW
XCorg,-32.7,-10,RAW
XCorg,-26.23,-8.5,RAW
XCorg,-30.6,-8,RAW
XCorg,-30.63,-7.828,RAW
XCorg,-31.4,-6.948,RAW
XCorg,-32.79,-6.068,RAW
XCorg,-27.3,-5.408,RAW
XCorg,-26.64,-4,RAW
XCorg,-26.47,-3.208,RAW
XCorg,-24.91,-2.988,RAW
XCorg,-25.4,0,RAW
XCorg,-26.22,1.5,RAW
XCorg,-26.5,3.612,RAW
XCorg,-25.68,6.5,RAW
XCorg,-25.95,6.912,RAW
XCorg,-25.2,8,RAW
XCorg,-28.23,15.412,RAW
XCorg,-26.5,17.5,RAW
XCorg,-25.97,21.192,RAW
XCorg,-25.5,22,RAW
XCorg,-25.59,23.912,RAW
XCorg,-27.64,37.5,RAW
XCorg,-28.8,40,RAW
XCorg,-29.66,40.912,RAW
XCorg,-24.97,49.7,RAW
XCorg,-30.6,56,RAW
XCorg,-30.3,63.692,RAW
XCorg,-25.54,80.012,RAW
XCorg,-29.24,102.962,RAW
XCorg,-26.1,115,RAW
XCorg,-25.28,118.092,RAW
XCorg,-29.14,129.312,RAW
XCorg,-27.53,149.372,RAW
XCorg,-25.4,218,RAW
XCorg,-28.9,288,RAW
XCorg,-25.3,420,RAW
XCorg,-25.7,530,RAW
XCorg,-25.7,673,RAW
XCorg,-25,956,RAW
XCorg,-24.4,1315,RAW
XCorg,-25.7,1778,RAW
XFeHr,0.81,-558.99,RAW
XFeHr,0.81,-441.99,RAW
XFeHr,0.77,-234.99,RAW
XFeHr,0.88,-191.66,RAW
XFeHr,0.72,-148.33,RAW
XFeHr,0.78,-105,RAW
XFeHr,0.72,-67,RAW
XFeHr,0.82,-57.25,RAW
XFeHr,0.77,-47.5,RAW
XFeHr,0.79,-37.75,RAW
XFeHr,0.66,-28,RAW
XFeHr,0.75,-27.23076923,RAW
XFeHr,0.69,-26.46153846,RAW
XFeHr,0.62,-25.69230769,RAW
XFeHr,0.64,-24.92307692,RAW
XFeHr,0.64,-24.15384615,RAW
XFeHr,0.59,-23.38461538,RAW
XFeHr,0.66,-22.61538462,RAW
XFeHr,0.72,-21.84615385,RAW
XFeHr,0.68,-21.07692308,RAW
XFeHr,0.71,-20.30769231,RAW
XFeHr,0.83,-19.53846154,RAW
XFeHr,0.53,-18.76923077,RAW
XFeHr,0.74,-18,RAW
XFeHr,0.71,-16,RAW
XFeHr,0.65,-14,RAW
XFeHr,0.57,-11,RAW
XFeHr,0.63,-8,RAW
XFeHr,0.74,-4,RAW
XFeHr,0.76,2,RAW
XFeHr,0.78,4,RAW
XFeHr,0.83,8,RAW
XFeHr,0.55,10,RAW
XFeHr,0.4,12,RAW
XFeHr,0.56,22,RAW
XFeHr,0.67,32,RAW
XFeHr,0.58,41,RAW
XFeHr,0.59,50,RAW
XFeHr,0.59,59,RAW
XFeHr,0.63,68,RAW
XFeHr,0.53,77,RAW
XFeHr,0.59,79.25,RAW
XFeHr,0.64,81.5,RAW
XFeHr,0.61,83.75,RAW
XFeHr,0.53,86,RAW
XFeHr,0.47,95.5,RAW
XFeHr,0.48,105,RAW
XFeHr,0.78,114.5,RAW
XFeHr,0.32,124,RAW
XFeHr,0.58,133.5,RAW
XFeHr,0.49,143,RAW
XFeHr,0.38,152.5,RAW
XFeHr,0.46,162,RAW
XFeHr,0.56,167,RAW
XFeHr,0.51,182.9473684,RAW
XFeHr,0.49,198.8947368,RAW
XFeHr,0.57,214.8421053,RAW
XFeHr,0.51,230.7894737,RAW
XFeHr,0.55,246.7368421,RAW
XFeHr,0.51,262.6842105,RAW
XFeHr,0.57,278.6315789,RAW
XFeHr,0.49,294.5789474,RAW
XFeHr,0.46,310.5263158,RAW
XFeHr,0.46,326.4736842,RAW
XFeHr,0.41,342.4210526,RAW
XFeHr,0.43,358.3684211,RAW
XFeHr,0.6,374.3157895,RAW
XFeHr,0.56,390.2631579,RAW
XFeHr,0.45,406.2105263,RAW
XFeHr,0.51,422.1578947,RAW
XFeHr,0.4,438.1052632,RAW
XFeHr,0.44,454.0526316,RAW
XFeHr,0.51,470,RAW
XFeHr,0.45,485.9473684,RAW
XFeHr,0.42,501.8947368,RAW
XFeHr,0.5,517.8421053,RAW
XFeHr,0.48,533.7894737,RAW
XFeHr,0.46,549.7368421,RAW
XFeHr,0.47,565.6842105,RAW
XFeHr,0.44,581.6315789,RAW
XFeHr,0.42,597.5789474,RAW
XFeHr,0.53,613.5263158,RAW
XFeHr,0.4,629.4736842,RAW
XFeHr,0.31,645.4210526,RAW
XFeHr,0.4,661.3684211,RAW
XFeHr,0.44,677.3157895,RAW
XFeHr,0.4,693.2631579,RAW
XFeHr,0.42,709.2105263,RAW
XFeHr,0.39,725.1578947,RAW
XFeHr,0.44,741.1052632,RAW
XFeHr,0.4,757.0526316,RAW
XFeHr,0.41,773,RAW
XFePy,0.64,-558.99,RAW
XFePy,0.5,-441.99,RAW
XFePy,0.76,-234.99,RAW
XFePy,0.39,-191.66,RAW
XFePy,0.78,-148.33,RAW
XFePy,0.71,-105,RAW
XFePy,0.74,-67,RAW
XFePy,0.7,-57.25,RAW
XFePy,0.37,-47.5,RAW
XFePy,0.5,-37.75,RAW
XFePy,0.7,-28,RAW
XFePy,0.59,-27.23076923,RAW
XFePy,0.45,-26.46153846,RAW
XFePy,0.84,-25.69230769,RAW
XFePy,0.83,-24.92307692,RAW
XFePy,0.87,-24.15384615,RAW
XFePy,0.68,-23.38461538,RAW
XFePy,0.69,-22.61538462,RAW
XFePy,0.61,-21.84615385,RAW
XFePy,0.43,-21.07692308,RAW
XFePy,0.67,-20.30769231,RAW
XFePy,0.72,-19.53846154,RAW
XFePy,0.68,-18.76923077,RAW
XFePy,0.6,-18,RAW
XFePy,0.6,-16,RAW
XFePy,0.81,-14,RAW
XFePy,0.72,-11,RAW
XFePy,0.76,-8,RAW
XFePy,0.7,-4,RAW
XFePy,0.63,2,RAW
XFePy,0.66,4,RAW
XFePy,0.91,8,RAW
XFePy,0.58,10,RAW
XFePy,0.69,12,RAW
XFePy,0.85,22,RAW
XFePy,0.52,32,RAW
XFePy,0.74,41,RAW
XFePy,0.66,50,RAW
XFePy,0.56,59,RAW
XFePy,0.64,68,RAW
XFePy,0.73,77,RAW
XFePy,0.59,79.25,RAW
XFePy,0.24,81.5,RAW
XFePy,0.45,83.75,RAW
XFePy,0.51,86,RAW
XFePy,0.53,95.5,RAW
XFePy,0.52,105,RAW
XFePy,0.71,114.5,RAW
XFePy,0.38,124,RAW
XFePy,0.64,133.5,RAW
XFePy,0.54,143,RAW
XFePy,0.51,152.5,RAW
XFePy,0.54,162,RAW
XFePy,0.7,167,RAW
XFePy,0.68,182.9473684,RAW
XFePy,0.48,198.8947368,RAW
XFePy,0.62,214.8421053,RAW
XFePy,0.48,230.7894737,RAW
XFePy,0.54,246.7368421,RAW
XFePy,0.28,262.6842105,RAW
XFePy,0.56,278.6315789,RAW
XFePy,0.39,294.5789474,RAW
XFePy,0.52,310.5263158,RAW
XFePy,0.42,326.4736842,RAW
XFePy,0.35,342.4210526,RAW
XFePy,0.53,358.3684211,RAW
XFePy,0.75,374.3157895,RAW
XFePy,0.75,390.2631579,RAW
XFePy,0.39,406.2105263,RAW
XFePy,0.55,422.1578947,RAW
XFePy,0.32,438.1052632,RAW
XFePy,0.41,454.0526316,RAW
XFePy,0.32,470,RAW
XFePy,0.26,485.9473684,RAW
XFePy,0.48,501.8947368,RAW
XFePy,0.57,517.8421053,RAW
XFePy,0.48,533.7894737,RAW
XFePy,0.5,549.7368421,RAW
XFePy,0.35,565.6842105,RAW
XFePy,0.36,581.6315789,RAW
XFePy,0.31,597.5789474,RAW
XFePy,0.62,613.5263158,RAW
XFePy,0.4,629.4736842,RAW
XFePy,0.19,645.4210526,RAW
XFePy,0.28,661.3684211,RAW
XFePy,0.55,677.3157895,RAW
XFePy,0.48,693.2631579,RAW
XFePy,0.39,709.2105263,RAW
XFePy,0.35,725.1578947,RAW
XFePy,0.52,741.1052632,RAW
XFePy,0.35,757.0526316,RAW
XFePy,0.24,773,RAW
XLi,16.8,-422,RAW
XLi,8.5,-360,RAW
XLi,11.2,-276,RAW
XLi,6.3,-267,RAW
XLi,6.6,-241,RAW
XLi,6.9,-230,RAW
XLi,5.9,-224,RAW
XLi,6.8,-199,RAW
XLi,11.2,-174,RAW
XLi,6.7,-155,RAW
XLi,8,-133,RAW
XLi,7.8,-112,RAW
XLi,12.4,-91,RAW
XLi,7.8,-65,RAW
XLi,9,-49,RAW
XLi,6.9,-25,RAW
XLi,12.4,-22,RAW
XLi,0.3,-15,RAW
XLi,1,-14,RAW
XLi,-0.2,-13,RAW
XLi,0.8,-11,RAW
XLi,9.3,0,RAW
XLi,6.8,20,RAW
XLi,4.6,49,RAW
XLi,2.8,52,RAW
XLi,3.7,60,RAW
XLi,4.4,78,RAW
XLi,2.1,96,RAW
XLi,-0.2,103,RAW
XLi,-0.3,111,RAW
XLi,2.7,117,RAW
XLi,2.4,131,RAW
XLi,2.1,145,RAW
XLi,2.1,159,RAW
XLi,-0.3,182,RAW
XLi,1.4,227,RAW
XLi,1.9,277,RAW
XLi,2.2,315,RAW
XLi,2,364,RAW
XLi,2.2,413,RAW
XLi,1.2,466,RAW
XLi,1,519,RAW
XLi,1.3,572,RAW
XLi,1.3,625,RAW
XLi,-0.1,630,RAW
XLi,1.2,683,RAW
XLi,1.2,736,RAW
XLi,1.3,788,RAW
XLi,1.2,841,RAW
XN,2.01,-5271.451,RAW
XN,2.19,-4891.451,RAW
XN,3.26,-4500.451,RAW
XN,2.4,-3981.581,RAW
XN,2.87,-3830.921,RAW
XN,3.49,-3530.021,RAW
XN,2.2,-3229.971,RAW
XN,0.8,-2819.085,RAW
XN,1.57,-2555.574,RAW
XN,3.5,-2290.857,RAW
XN,0.98,-1653.823,RAW
XN,1.18,-1433.809,RAW
XN,1.98,-1264.125,RAW
XN,1.61,-498.39,RAW
XN,2.31,-373.368,RAW
XN,2.97,-288.776,RAW
XN,2.83,-263.896,RAW
XN,2.41,-161.888,RAW
XN,2.17,-87.248,RAW
XN,1.74,-71.076,RAW
XN,1.44,-18.828,RAW
XN,2.22,-10.908,RAW
XN,0.32,-7.828,RAW
XN,-0.51,-6.948,RAW
XN,0.28,-6.068,RAW
XN,0.26,6.912,RAW
XN,0.31,40.912,RAW
XN,0.11,63.692,RAW
XN,0.85,102.962,RAW
XN,0.89,129.312,RAW
XN,1.28,149.372,RAW
XO,19.74,-4129,RAW
XO,19.26,-4123,RAW
XO,19.2,-4104,RAW
XO,19.59,-4069,RAW
XO,19.81,-4053,RAW
XO,20.05,-4049,RAW
XO,19.91,-4045,RAW
XO,20.12,-4042,RAW
XO,20.16,-4038,RAW
XO,20.35,-4032,RAW
XO,20.21,-4023,RAW
XO,20.82,-4000,RAW
XO,21.04,-3952,RAW
XO,20.33,-3891,RAW
XO,20.54,-3878,RAW
XO,20.41,-3860,RAW
XO,20.85,-3800,RAW
XO,20.95,-3776,RAW
XO,20.78,-3756,RAW
XO,20.96,-3749,RAW
XO,20.7,-3716,RAW
XO,21.25,-3673,RAW
XO,21.44,-3663,RAW
XO,21.1,-3630,RAW
XO,20.55,-3596,RAW
XO,21.03,-3499,RAW
XO,20.72,-3414,RAW
XO,20.79,-3348,RAW
XO,20.72,-3289,RAW
XO,21.14,-3142,RAW
XO,21.29,-3091,RAW
XO,21.67,-2983,RAW
XO,20.78,-2651,RAW
XO,21.3,-2607,RAW
XO,21.28,-2546,RAW
XO,21.24,-2480,RAW
XO,21.31,-2440,RAW
XO,21.32,-2404,RAW
XO,21.08,-2384,RAW
XO,21.05,-2303,RAW
XO,21.47,-2087,RAW
XO,22.29,-2012,RAW
XO,21.81,-1953,RAW
XO,21.99,-1889,RAW
XO,21.58,-1801,RAW
XO,20.97,-1759,RAW
XO,21.25,-1439,RAW
XO,21.51,-1388,RAW
XO,21.69,-1315,RAW
XO,20.95,-1264,RAW
XO,21.27,-1214,RAW
XO,21.27,-1131,RAW
XO,21.53,-1103,RAW
XO,21.67,-1024,RAW
XO,21.81,-966,RAW
XO,21.47,-908,RAW
XO,21.97,-886,RAW
XO,22.45,-842,RAW
XO,21.59,-783,RAW
XO,21.02,-703,RAW
XO,20.52,-656,RAW
XO,21.03,-615,RAW
XO,21.94,-578,RAW
XO,21.72,-545,RAW
XO,21.56,-501,RAW
XO,21.83,-471,RAW
XO,22.1,-311,RAW
XO,21.34,-289,RAW
XO,20.61,-263,RAW
XO,21.45,-253,RAW
XO,21.55,-241,RAW
XO,21.44,-229,RAW
XO,21.02,-209,RAW
XO,20.83,-189,RAW
XO,21.54,-184,RAW
XO,20.67,-169,RAW
XO,21.09,-154,RAW
XO,21.37,-131,RAW
XO,20.71,-126,RAW
XO,19.65,-114,RAW
XO,20.04,-109,RAW
XO,20.81,-106,RAW
XO,20.79,-101,RAW
XO,20.63,-98,RAW
XO,20.6,-96,RAW
XO,20.7,-85,RAW
XO,21.28,-80,RAW
XO,21.24,-73,RAW
XO,21.13,-68,RAW
XO,20.9,-66,RAW
XO,20.79,-63,RAW
XO,21.13,-56,RAW
XO,21.02,-48,RAW
XO,21.12,-25,RAW
XO,20.86,-22,RAW
XO,21.12,-19,RAW
XO,21,-18,RAW
XO,20.09,-14,RAW
XO,19.44,-8,RAW
XO,18.64,-8,RAW
XO,19.31,-4,RAW
XO,18.73,-4,RAW
XO,18.92,-4,RAW
XO,18.65,0,RAW
XO,18.84,0,RAW
XO,19.4,4,RAW
XO,18.54,4,RAW
XO,18.64,4,RAW
XO,18.94,6,RAW
XO,17.9,8,RAW
XO,18.84,11,RAW
XO,18.65,11,RAW
XO,18.57,21,RAW
XO,19.47,25,RAW
XO,19.19,25,RAW
XO,18.91,25,RAW
XO,19.05,31,RAW
XO,18.77,37,RAW
XO,18.59,45,RAW
XO,18.27,51,RAW
XO,18.66,58,RAW
XO,17.83,65,RAW
XO,17.63,65,RAW
XO,18.16,89,RAW
XO,18.22,98,RAW
XO,18.71,264,RAW
XOs,5.02,-722.86,RAW
XOs,9.01,-565.71,RAW
XOs,5.35,-408.57,RAW
XOs,4.93,-332.86,RAW
XOs,3.46,-257.14,RAW
XOs,6.26,-155,RAW
XOs,2.3,-121.43,RAW
XOs,6.67,-90,RAW
XOs,10.55,-79,RAW
XOs,4.79,-61,RAW
XOs,5.29,-52,RAW
XOs,13.21,-40,RAW
XOs,2.08,-30,RAW
XOs,3.1,-20,RAW
XOs,4.44,-10,RAW
XOs,1.64,-4.29,RAW
XOs,1.93,-1.43,RAW
XOs,1.33,1.43,RAW
XOs,2.37,21.43,RAW
XOs,1.17,96.43,RAW
XOs,1.46,153.57,RAW
XOs,2.21,206.43,RAW
XOs,1.1,282.14,RAW
XOs,0.33,353.57,RAW
XOs,1.49,425,RAW
XS33,0.066770548,-422,RAW
XS33,-0.036925297,-360,RAW
XS33,0.036886519,-296,RAW
XS33,0.058297653,-286,RAW
XS33,0.040354589,-276,RAW
XS33,0,-267,RAW
XS33,0.085521826,-261,RAW
XS33,0.0257273,-241.5,RAW
XS33,-0.018958646,-230.5,RAW
XS33,0.066428747,-228.5,RAW
XS33,0.00747,-225.7,RAW
XS33,0.049033342,-224,RAW
XS33,0.085286111,-207.5,RAW
XS33,0.031655377,-199.5,RAW
XS33,0.040915859,-187.5,RAW
XS33,0.118681606,-181.5,RAW
XS33,0.016406255,-174.5,RAW
XS33,0.039033959,-169,RAW
XS33,0.035795525,-155.5,RAW
XS33,0.129338691,-154,RAW
XS33,0.076476673,-146.5,RAW
XS33,0.045989804,-138,RAW
XS33,0.084511262,-133,RAW
XS33,0.05237331,-131,RAW
XS33,0.101815526,-124,RAW
XS33,0.04209128,-112,RAW
XS33,0.073997198,-102,RAW
XS33,0.029756092,-96.5,RAW
XS33,-0.0151841,-91,RAW
XS33,0.067740268,-75,RAW
XS33,0.03693,-68,RAW
XS33,0.068883736,-65,RAW
XS33,0.092336577,-59,RAW
XS33,0.056368712,-53,RAW
XS33,0.023461529,-51,RAW
XS33,-0.027678695,-49,RAW
XS33,0.02346566,-47,RAW
XS33,-0.000105463,-46,RAW
XS33,0.071755584,-45,RAW
XS33,0.049596229,-26.5,RAW
XS33,-0.049230565,-25,RAW
XS33,0.106866046,-16.5,RAW
XS33,0.122638018,-15.5,RAW
XS33,0.078476877,-15.3,RAW
XS33,0.043081823,-15.1,RAW
XS33,0.035578791,-14.5,RAW
XS33,0.050672741,-14,RAW
XS33,0.099454039,-13.7,RAW
XS33,0.053297,-13.5,RAW
XS33,0.034102906,-11.5,RAW
XS33,0.060044479,-10,RAW
XS33,0.101080832,-4,RAW
XS33,0.070264556,0,RAW
XS33,0.002818119,20,RAW
XS33,0.006801032,21,RAW
XS33,0.081235222,23,RAW
XS33,0.084185702,25,RAW
XS33,0.072987743,38,RAW
XS33,0.109468957,48.5,RAW
XS33,0.058709765,66.5,RAW
XS33,0.080235443,79.5,RAW
XS33,0.056924615,95.5,RAW
XS34,-22.04,-422,RAW
XS34,-21.86,-360,RAW
XS34,-21.13,-296,RAW
XS34,-22.4,-286,RAW
XS34,-22.67,-276,RAW
XS34,-25.65,-267,RAW
XS34,-17.72,-261,RAW
XS34,-16.04,-241.5,RAW
XS34,-11.82,-230.5,RAW
XS34,-18.56,-228.5,RAW
XS34,-15.58,-225.7,RAW
XS34,-16.87,-224,RAW
XS34,-22.34,-207.5,RAW
XS34,-16.03,-199.5,RAW
XS34,-21.36,-187.5,RAW
XS34,-18.96,-181.5,RAW
XS34,-30.55,-174.5,RAW
XS34,-23.62,-169,RAW
XS34,-24.53,-155.5,RAW
XS34,-23.5,-154,RAW
XS34,-24.92,-146.5,RAW
XS34,-24.66,-138,RAW
XS34,-26.95,-133,RAW
XS34,-29.79,-131,RAW
XS34,-21.16,-124,RAW
XS34,-22.76,-112,RAW
XS34,-24.11,-102,RAW
XS34,-22.45,-96.5,RAW
XS34,-6.26,-91,RAW
XS34,-27.7,-75,RAW
XS34,-27.07,-68,RAW
XS34,-26.33,-65,RAW
XS34,-28.68,-59,RAW
XS34,-31.68,-53,RAW
XS34,-29.87,-51,RAW
XS34,-17.82,-49,RAW
XS34,-23.49,-47,RAW
XS34,-17.17,-46,RAW
XS34,-22.54,-45,RAW
XS34,-33.01,-26.5,RAW
XS34,2.88,-25,RAW
XS34,-19.94,-16.5,RAW
XS34,-17.54,-15.5,RAW
XS34,-30.93,-15.3,RAW
XS34,-25.8,-15.1,RAW
XS34,-26.03,-14.5,RAW
XS34,-28.27,-14,RAW
XS34,-24.78,-13.7,RAW
XS34,-27.35,-13.5,RAW
XS34,-33.72,-11.5,RAW
XS34,-30.7,-10,RAW
XS34,-34.6,-4,RAW
XS34,-31.2,0,RAW
XS34,-28.16,20,RAW
XS34,-20.96,21,RAW
XS34,-32.92,23,RAW
XS34,-25.54,25,RAW
XS34,-31.39,38,RAW
XS34,-34.73,48.5,RAW
XS34,-27.32,66.5,RAW
XS34,-32.37,79.5,RAW
XS34,-30.41,95.5,RAW
XSr,0.70718,-4378,RAW
XSr,0.70719,-4336.5,RAW
XSr,0.70694,-4297,RAW
XSr,0.70714,-4194,RAW
XSr,0.70695,-3934,RAW
XSr,0.7071,-3820,RAW
XSr,0.70706,-3772,RAW
XSr,0.70716,-3664.5,RAW
XSr,0.70705,-3251.5,RAW
XSr,0.70711,-3011.5,RAW
XSr,0.70711,-2442,RAW
XSr,0.70716,-1769,RAW
XSr,0.70711,-1364,RAW
XSr,0.70711,-1154.5,RAW
XSr,0.70694,-1130,RAW
XSr,0.70709,-895,RAW
XSr,0.70706,-620,RAW
XSr,0.70713,-501.5,RAW
XSr,0.70713,-339.5,RAW
XSr,0.70711,-171,RAW
XSr,0.70716,-68,RAW
XSr,0.70707,-16.5,RAW
XSr,0.70717,-11,RAW
XSr,0.70717,2,RAW
XSr,0.70709,10,RAW
XSr,0.70716,54.5,RAW
XSr,0.70681,87.5,RAW
XSr,0.70751,105,RAW
XSr,0.70741,126,RAW
XSr,0.70709,152.5,RAW
XSr,0.70709,173,RAW
XSr,0.7075,189.5,RAW
XSr,0.7075,205,RAW
XThU,0.11,-4610,RAW
XThU,0.03,-4375,RAW
XThU,0.08,-4320,RAW
XThU,0.01,-4265,RAW
XThU,0.04,-3900,RAW
XThU,0.11,-3767.5,RAW
XThU,0.06,-3721.5,RAW
XThU,0.1,-3634.5,RAW
XThU,0.04,-3409.5,RAW
XThU,0.07,-3221.5,RAW
XThU,0.01,-2981.5,RAW
XThU,0.02,-2691.5,RAW
XThU,0.16,-2412,RAW
XThU,0.03,-2015.5,RAW
XThU,0.02,-1739,RAW
XThU,0.04,-1334,RAW
XThU,0.03,-1124.5,RAW
XThU,0.07,-1100,RAW
XThU,0.04,-880,RAW
XThU,0,-620,RAW
XThU,0.19,-501.5,RAW
XThU,0.11,-339.5,RAW
XThU,0.29,-166,RAW
XThU,0.04,-76.5,RAW
XThU,2.14,-16.5,RAW
XThU,0.4,-11,RAW
XThU,0.32,0,RAW
XThU,0.27,10,RAW
XThU,1.2,22,RAW
XThU,9.34,54.5,RAW
XThU,27.3,81.5,RAW
XThU,18,124,RAW
XThU,78.4,164.5,RAW
XThU,37.1,470,RAW
XThU,33.1,823,RAW
XThU,22.3,921,RAW
XThU,2.27,976,RAW
XTOC,0.04,-5421.451,RAW
XTOC,3.6,-5271.451,RAW
XTOC,0.55,-4891.451,RAW
XTOC,0.06,-4500.451,RAW
XTOC,0.09,-4365.451,RAW
XTOC,0.42,-4235.781,RAW
XTOC,0.6,-3981.581,RAW
XTOC,0.19,-3830.921,RAW
XTOC,0.01,-3767.171,RAW
XTOC,0.55,-3530.021,RAW
XTOC,1.22,-3229.971,RAW
XTOC,0.16,-2946.921,RAW
XTOC,0.31,-2819.085,RAW
XTOC,0.34,-2733.459,RAW
XTOC,0.6,-2555.574,RAW
XTOC,0.32,-2307.138,RAW
XTOC,0.97,-2290.857,RAW
XTOC,0.1,-1905.473,RAW
XTOC,0.21,-1653.823,RAW
XTOC,0.7,-1433.809,RAW
XTOC,0.54,-1264.125,RAW
XTOC,0.1,-980.839,RAW
XTOC,0.12,-806.122,RAW
XTOC,0.19,-620.62,RAW
XTOC,0.59,-498.39,RAW
XTOC,0.23,-441.788,RAW
XTOC,0.31,-410,RAW
XTOC,0.45,-371,RAW
XTOC,0.44,-337,RAW
XTOC,0.34,-317,RAW
XTOC,0.18,-288,RAW
XTOC,0.32,-247,RAW
XTOC,0.29,-204,RAW
XTOC,2.26,-191,RAW
XTOC,0.32,-182,RAW
XTOC,0.48,-168,RAW
XTOC,0.27,-152,RAW
XTOC,0.42,-135,RAW
XTOC,0.34,-123,RAW
XTOC,0.53,-110,RAW
XTOC,0.86,-99,RAW
XTOC,1.63,-91,RAW
XTOC,0.53,-87,RAW
XTOC,0.63,-72,RAW
XTOC,1.05,-64,RAW
XTOC,2.44,-56,RAW
XTOC,0.56,-44,RAW
XTOC,0.5,-30,RAW
XTOC,1.57,-23,RAW
XTOC,0.82,-19.8,RAW
XTOC,2.29,-19.2,RAW
XTOC,0.24,-17,RAW
XTOC,1.68,-11,RAW
XTOC,0.54,-7,RAW
XTOC,0.71,-3,RAW
XTOC,0.76,0,RAW
XTOC,0.72,4,RAW
XTOC,1.44,10,RAW
XTOC,0.44,13,RAW
XTOC,0.79,22,RAW
XTOC,0.95,37,RAW
XTOC,1.21,51,RAW
XTOC,0.69,61,RAW
XTOC,0.31,79,RAW
XTOC,0.95,81,RAW
XTOC,1.18,85,RAW
XTOC,1.13,88,RAW
XTOC,1.05,92,RAW
XTOC,1.05,108,RAW
XTOC,0.76,123,RAW
XTOC,1.15,127,RAW
XTOC,0.98,132,RAW
XTOC,0.92,138,RAW
XTOC,0.9,144,RAW
XZn,0.79,-1203,RAW
XZn,0.92,-978,RAW
XZn,0.81,-829,RAW
XZn,0.76,-713,RAW
XZn,0.8,-563,RAW
XZn,0.75,-463,RAW
XZn,0.77,-445,RAW
XZn,0.36,-445,RAW
XZn,0.8,-414,RAW
XZn,0.77,-324,RAW
XZn,0.78,-290,RAW
XZn,0.62,-271,RAW
XZn,0.72,-245,RAW
XZn,0.79,-207,RAW
XZn,0.83,-196,RAW
XZn,0.88,-177,RAW
XZn,1.19,-164,RAW
XZn,1.11,-152,RAW
XZn,0.32,-152,RAW
XZn,1.21,-125,RAW
XZn,1.07,-110,RAW
XZn,1.08,-99,RAW
XZn,0.99,-89,RAW
XZn,0.99,-53,RAW
XZn,0.95,-45,RAW
XZn,0.88,-33,RAW
XZn,0.8,-31,RAW
XZn,0.82,-23,RAW
XZn,0.88,-20,RAW
XZn,0.74,-1,RAW
XZn,0.84,12,RAW
XZn,0.3,18,RAW
XZn,0.57,24,RAW
XZn,0.32,27,RAW
XZn,0.24,33,RAW
XZn,0.22,38,RAW
XZn,0.36,41,RAW
XZn,0.32,47,RAW
XZn,0.27,56,RAW
XZn,0.48,59,RAW
XZn,0.37,67,RAW
XZn,0.45,73,RAW
XZn,0.23,82,RAW
XZn,0.74,85,RAW
XZn,0.9,99,RAW
XZn,0.93,122,RAW
XZn,0.85,141,RAW
XZn,0.94,142,RAW
XZn,0.84,163,RAW
XZn,0.86,173,RAW
XZn,0.86,203,RAW
XZn,0.77,248,RAW
XZn,0.74,269,RAW
XZn,0.73,364,RAW
XZn,0.87,478,RAW
XZn,0.83,632,RAW
XZn,0.91,751,RAW
OCe,-0.2,-4740,REG
OCe,-0.17,-4375,REG
OCe,-0.2,-4320,REG
OCe,-0.16,-4265,REG
OCe,-0.1695362,-4205,REG
OCe,-0.1681107,-4075,REG
OCe,-0.28,-3900,REG
OCe,-0.23,-3767.5,REG
OCe,-0.01,-3721.5,REG
OCe,-0.07,-3634.5,REG
OCe,-0.13,-3409.5,REG
OCe,-0.22,-3221.5,REG
OCe,-0.23,-2981.5,REG
OCe,0.03,-2691.5,REG
OCe,-0.1508794,-2503.5,REG
OCe,0.02,-2252,REG
OCe,-0.3,-2015.5,REG
OCe,-0.26,-1739,REG
OCe,-0.24,-1334,REG
OCe,0.09,-1124.5,REG
OCe,-0.3,-1100,REG
OCe,-0.19,-880,REG
OCe,-0.28,-620,REG
OCe,-0.08,-501.5,REG
OCe,-0.08,-339.5,REG
OCe,-0.12566,-203.5,REG
OCe,-0.09,-138.5,REG
OCe,-0.1245361,-101,REG
OCe,-0.124421,-90.5,REG
OCe,-0.14,-76.5,REG
OCe,-0.1228969,-48.5,REG
OCe,-0.1236918,-24,REG
OCe,-0.13,-16.5,REG
OCe,-0.1,-11,REG
OCe,-0.1234945,-6,REG
OCe,-0.1234506,-2,REG
OCe,-0.13,2,REG
OCe,-0.1233629,6,REG
OCe,-0.19,10,REG
OCe,-0.1232423,17,REG
OCe,-0.2,27,REG
OCe,-0.16,54.5,REG
OCe,-0.01,81.5,REG
OCe,-0.01,124,REG
OCe,-0.18,164.5,REG
OCe,-0.01,470,REG
OCe,0.03,823,REG
OCe,0.04,921,REG
OCe,0,976,REG
XCa,-0.6,-339.5,REG
XCa,-0.62,-203.5,REG
XCa,-0.736666667,-138.5,REG
XCa,-0.74,-101,REG
XCa,-0.76,-90.5,REG
XCa,-0.8,-76.5,REG
XCa,-0.733333333,-48.5,REG
XCa,-0.86,-24,REG
XCa,-0.72,-16.5,REG
XCa,-0.75,-11,REG
XCa,-0.86,-6,REG
XCa,-0.7964619,-2,REG
XCa,-0.95,2,REG
XCa,-0.8014932,6,REG
XCa,-0.83,10,REG
XCa,-0.79,17,REG
XCa,-0.69,27,REG
XCa,-0.75,54.5,REG
XCcarb,1.466,-4740,REG
XCcarb,3.646,-4375,REG
XCcarb,3.5485,-4320,REG
XCcarb,3.844,-4265,REG
XCcarb,2.086,-4205,REG
XCcarb,3.484857143,-4075,REG
XCcarb,3.357,-3900,REG
XCcarb,3.28,-3767.5,REG
XCcarb,3.369168,-3721.5,REG
XCcarb,2.995,-3634.5,REG
XCcarb,3.153333333,-3409.5,REG
XCcarb,3.34,-3221.5,REG
XCcarb,3.333333333,-2981.5,REG
XCcarb,2.835,-2691.5,REG
XCcarb,2.775,-2503.5,REG
XCcarb,2.708333333,-2252,REG
XCcarb,3.005,-2015.5,REG
XCcarb,3.985384615,-1739,REG
XCcarb,3.9275,-1334,REG
XCcarb,3.486786,-1124.5,REG
XCcarb,3.2,-1100,REG
XCcarb,3.3045,-880,REG
XCcarb,3.514888889,-620,REG
XCcarb,3.5835,-501.5,REG
XCcarb,3.730409091,-339.5,REG
XCcarb,3.94675,-203.5,REG
XCcarb,3.625666667,-138.5,REG
XCcarb,3.85306,-101,REG
XCcarb,3.395,-90.5,REG
XCcarb,3.146,-76.5,REG
XCcarb,2.6086,-48.5,REG
XCcarb,1.414,-24,REG
XCcarb,1.5616,-16.5,REG
XCcarb,-0.590545455,-11,REG
XCcarb,-0.317428571,-6,REG
XCcarb,0.169181818,-2,REG
XCcarb,0.373625,2,REG
XCcarb,0.549444444,6,REG
XCcarb,0.6745,10,REG
XCcarb,0.6351,17,REG
XCcarb,0.643,27,REG
XCcarb,0.485,54.5,REG
XCcarb,0.2668399,81.5,REG
XCcarb,0.206,124,REG
XCcarb,0.3144776,164.5,REG
XCcarb,-0.988285714,470,REG
XCcarb,-0.964,823,REG
XCcarb,-0.536,921,REG
XCcarb,0.792,976,REG
XCcarb,0.7937246,999.5,REG
XCcarb,0.8123779,1032,REG
XCcarb,0.666,1062,REG
XCcarb,1.014,1125.5,REG
XCcarb,1.824,1214.5,REG
XCcarb,0.9552911,1281,REG
XCcarb,2.303,1342.5,REG
XCcarb,2.468,1395.5,REG
XCcarb,2.419,1442.5,REG
XCcarb,1.0729505,1486,REG
XCcarb,1.0841425,1505.5,REG
XCcarb,2.52,1533,REG
XCd,0.47,-339.5,REG
XCd,0.433333333,-203.5,REG
XCd,0.49,-138.5,REG
XCd,0.5,-101,REG
XCd,0.445,-90.5,REG
XCd,0.31,-76.5,REG
XCd,0.275,-48.5,REG
XCd,0.266666667,-24,REG
XCd,0.47,-16.5,REG
XCd,-0.03,-11,REG
XCd,0.06,-6,REG
XCd,0,-2,REG
XCd,0.08,2,REG
XCd,-0.26,6,REG
XCd,-0.23,10,REG
XCd,-0.05,17,REG
XCd,-0.29,27,REG
XCd,0.016666667,54.5,REG
XCd,-0.08,81.5,REG
XCd,-0.195,124,REG
XCorg,-26.42,-4740,REG
XCorg,-25.85,-4375,REG
XCorg,-26.68976,-4320,REG
XCorg,-26.70351,-4265,REG
XCorg,-27.87,-4205,REG
XCorg,-26.75104,-4075,REG
XCorg,-26.02,-3900,REG
XCorg,-25.98,-3767.5,REG
XCorg,-26.83933,-3721.5,REG
XCorg,-26.86109,-3634.5,REG
XCorg,-27.16,-3409.5,REG
XCorg,-27.38,-3221.5,REG
XCorg,-26.595,-2981.5,REG
XCorg,-26.94,-2691.5,REG
XCorg,-26.22,-2503.5,REG
XCorg,-27.755,-2252,REG
XCorg,-27.26604,-2015.5,REG
XCorg,-26.555,-1739,REG
XCorg,-28.67,-1334,REG
XCorg,-27.48889,-1124.5,REG
XCorg,-27.49515,-1100,REG
XCorg,-29.06,-880,REG
XCorg,-29.08,-620,REG
XCorg,-28.11,-501.5,REG
XCorg,-27.51,-339.5,REG
XCorg,-28,-203.5,REG
XCorg,-28.38,-138.5,REG
XCorg,-29.8,-101,REG
XCorg,-28.42,-90.5,REG
XCorg,-29.235,-76.5,REG
XCorg,-28.69666667,-48.5,REG
XCorg,-28.5375,-24,REG
XCorg,-28.285,-16.5,REG
XCorg,-29.948,-11,REG
XCorg,-30.544,-6,REG
XCorg,-26.00666667,-2,REG
XCorg,-26.04,2,REG
XCorg,-25.815,6,REG
XCorg,-25.2,10,REG
XCorg,-26.9,17,REG
XCorg,-25.545,27,REG
XCorg,-28.66166667,54.5,REG
XCorg,-25.54,81.5,REG
XCorg,-27.458,124,REG
XCorg,-27.81142,164.5,REG
XCorg,-26.2,470,REG
XCorg,-27.97613,823,REG
XCorg,-25,921,REG
XFeHr,0.81,-501.5,REG
XFeHr,0.81,-339.5,REG
XFeHr,0.825,-203.5,REG
XFeHr,0.72,-138.5,REG
XFeHr,0.78,-101,REG
XFeHr,0.7743552,-90.5,REG
XFeHr,0.7569408,-76.5,REG
XFeHr,0.775,-48.5,REG
XFeHr,0.6825,-24,REG
XFeHr,0.66,-16.5,REG
XFeHr,0.61,-11,REG
XFeHr,0.63,-6,REG
XFeHr,0.74,-2,REG
XFeHr,0.76,2,REG
XFeHr,0.78,6,REG
XFeHr,0.69,10,REG
XFeHr,0.4,17,REG
XFeHr,0.56,27,REG
XFeHr,0.612,54.5,REG
XFeHr,0.5925,81.5,REG
XFeHr,0.50375,124,REG
XFeHr,0.46,164.5,REG
XFeHr,0.467368421,470,REG
XFeHr,0.41,823,REG
XFePy,0.64,-501.5,REG
XFePy,0.5,-339.5,REG
XFePy,0.575,-203.5,REG
XFePy,0.78,-138.5,REG
XFePy,0.71,-101,REG
XFePy,0.6500671,-90.5,REG
XFePy,0.6453982,-76.5,REG
XFePy,0.5775,-48.5,REG
XFePy,0.673333333,-24,REG
XFePy,0.626666667,-16.5,REG
XFePy,0.765,-11,REG
XFePy,0.76,-6,REG
XFePy,0.7,-2,REG
XFePy,0.63,2,REG
XFePy,0.66,6,REG
XFePy,0.745,10,REG
XFePy,0.69,17,REG
XFePy,0.85,27,REG
XFePy,0.624,54.5,REG
XFePy,0.5025,81.5,REG
XFePy,0.5425,124,REG
XFePy,0.54,164.5,REG
XFePy,0.46,470,REG
XFePy,0.24,823,REG
XLi,9.88,-339.5,REG
XLi,7.7,-203.5,REG
XLi,7.5,-138.5,REG
XLi,6.556924,-101,REG
XLi,12.4,-90.5,REG
XLi,6.097269,-76.5,REG
XLi,8.4,-48.5,REG
XLi,9.65,-24,REG
XLi,0.3,-16.5,REG
XLi,0.533333333,-11,REG
XLi,4.774587,-6,REG
XLi,4.699542,-2,REG
XLi,9.3,2,REG
XLi,4.54945,6,REG
XLi,4.474405,10,REG
XLi,6.8,17,REG
XLi,4.15546,27,REG
XLi,3.7,54.5,REG
XLi,4.4,81.5,REG
XLi,1.557142857,124,REG
XLi,1.575763,164.5,REG
XLi,1.269230769,470,REG
XLi,1.25,823,REG
XN,2.725,-4740,REG
XN,2.38853,-4375,REG
XN,2.384451,-4320,REG
XN,2.380371,-4265,REG
XN,2.375921,-4205,REG
XN,2.36628,-4075,REG
XN,2.635,-3900,REG
XN,2.34351,-3767.5,REG
XN,2.340099,-3721.5,REG
XN,2.333646,-3634.5,REG
XN,3.49,-3409.5,REG
XN,2.2,-3221.5,REG
XN,0.8,-2981.5,REG
XN,2.263707,-2691.5,REG
XN,1.57,-2503.5,REG
XN,3.5,-2252,REG
XN,2.21357,-2015.5,REG
XN,0.98,-1739,REG
XN,1.58,-1334,REG
XN,2.21357,-1124.5,REG
XN,2.147487,-1100,REG
XN,2.145633,-880,REG
XN,2.129316,-620,REG
XN,1.61,-501.5,REG
XN,2.703333333,-339.5,REG
XN,2.110033,-203.5,REG
XN,2.41,-138.5,REG
XN,2.07154,-101,REG
XN,2.17,-90.5,REG
XN,1.74,-76.5,REG
XN,2.067646,-48.5,REG
XN,2.065829,-24,REG
XN,1.44,-16.5,REG
XN,2.22,-11,REG
XN,0.03,-6,REG
XN,-0.01243393,-2,REG
XN,0.01745434,2,REG
XN,0.26,6,REG
XN,0.07723086,10,REG
XN,0.12953532,17,REG
XN,0.20425597,27,REG
XN,0.21,54.5,REG
XN,0.61148354,81.5,REG
XN,1.006666667,124,REG
XO,19.935,-4075,REG
XO,20.58,-3900,REG
XO,20.885,-3767.5,REG
XO,20.87751,-3721.5,REG
XO,21.008,-3634.5,REG
XO,20.815,-3409.5,REG
XO,21.01866,-3221.5,REG
XO,21.36666667,-2981.5,REG
XO,21.04,-2691.5,REG
XO,21.27666667,-2503.5,REG
XO,21.15,-2252,REG
XO,21.85666667,-2015.5,REG
XO,21.51333333,-1739,REG
XO,21.32333333,-1334,REG
XO,21.61067,-1124.5,REG
XO,21.53,-1100,REG
XO,21.71142857,-880,REG
XO,21.16333333,-620,REG
XO,21.70333333,-501.5,REG
XO,21.41,-339.5,REG
XO,21.2075,-203.5,REG
XO,20.58833333,-138.5,REG
XO,20.74333333,-101,REG
XO,20.6,-90.5,REG
XO,21.07333333,-76.5,REG
XO,20.994,-48.5,REG
XO,20.99,-24,REG
XO,21.06,-16.5,REG
XO,20.09,-11,REG
XO,19.04,-6,REG
XO,18.98666667,-2,REG
XO,18.745,2,REG
XO,18.88,6,REG
XO,18.46333333,10,REG
XO,18.57,17,REG
XO,19.155,27,REG
XO,18.29166667,54.5,REG
XO,18.55011,81.5,REG
XO,18.19,124,REG
XO,18.39104,164.5,REG
XO,18.71,470,REG
XOs,5.02,-880,REG
XOs,9.01,-620,REG
XOs,6.724858,-501.5,REG
XOs,4.58,-339.5,REG
XOs,4.940228,-203.5,REG
XOs,4.28,-138.5,REG
XOs,4.326387,-101,REG
XOs,6.67,-90.5,REG
XOs,10.55,-76.5,REG
XOs,6.3425,-48.5,REG
XOs,3.1,-24,REG
XOs,3.820342,-16.5,REG
XOs,4.44,-11,REG
XOs,1.64,-6,REG
XOs,1.93,-2,REG
XOs,1.33,2,REG
XOs,3.685597,6,REG
XOs,3.661642,10,REG
XOs,2.37,17,REG
XOs,3.559834,27,REG
XOs,3.395145,54.5,REG
XOs,3.23345,81.5,REG
XOs,1.315,124,REG
XOs,2.736389,164.5,REG
XOs,1.2825,470,REG
XS33,0.034579142,-339.5,REG
XS33,0.044102072,-203.5,REG
XS33,0.067491781,-138.5,REG
XS33,0.051876645,-101,REG
XS33,-0.0151841,-90.5,REG
XS33,0.067740268,-76.5,REG
XS33,0.038379738,-48.5,REG
XS33,0.000182832,-24,REG
XS33,0.077328311,-16.5,REG
XS33,0.059514233,-11,REG
XS33,0.0578331,-6,REG
XS33,0.101080832,-2,REG
XS33,0.070264556,2,REG
XS33,0.05864964,6,REG
XS33,0.05892181,10,REG
XS33,0.004809576,17,REG
XS33,0.082710462,27,REG
XS33,0.080388822,54.5,REG
XS33,0.080235443,81.5,REG
XS33,0.056924615,124,REG
XS34,-21.18875,-339.5,REG
XS34,-19.11888889,-203.5,REG
XS34,-24.65444444,-138.5,REG
XS34,-23.28,-101,REG
XS34,-6.26,-90.5,REG
XS34,-27.7,-76.5,REG
XS34,-24.96111111,-48.5,REG
XS34,-15.065,-24,REG
XS34,-24.048,-16.5,REG
XS34,-28.964,-11,REG
XS34,-26.3561,-6,REG
XS34,-34.6,-2,REG
XS34,-31.2,2,REG
XS34,-26.64784,6,REG
XS34,-26.74509,10,REG
XS34,-24.56,17,REG
XS34,-29.23,27,REG
XS34,-31.14666667,54.5,REG
XS34,-32.37,81.5,REG
XS34,-30.41,124,REG
XSr,0.70718,-4375,REG
XSr,0.707065,-4320,REG
XSr,0.7070771,-4265,REG
XSr,0.70714,-4205,REG
XSr,0.7070799,-4075,REG
XSr,0.707025,-3900,REG
XSr,0.70706,-3767.5,REG
XSr,0.707085,-3721.5,REG
XSr,0.70716,-3634.5,REG
XSr,0.7070896,-3409.5,REG
XSr,0.70705,-3221.5,REG
XSr,0.70711,-2981.5,REG
XSr,0.7071,-2691.5,REG
XSr,0.70711,-2503.5,REG
XSr,0.7071065,-2252,REG
XSr,0.7071099,-2015.5,REG
XSr,0.70716,-1739,REG
XSr,0.707053333,-1334,REG
XSr,0.7071229,-1124.5,REG
XSr,0.7071232,-1100,REG
XSr,0.70709,-880,REG
XSr,0.70706,-620,REG
XSr,0.70713,-501.5,REG
XSr,0.70713,-339.5,REG
XSr,0.7071363,-203.5,REG
XSr,0.70711,-138.5,REG
XSr,0.7071378,-101,REG
XSr,0.707138,-90.5,REG
XSr,0.7071382,-76.5,REG
XSr,0.70716,-48.5,REG
XSr,0.7071389,-24,REG
XSr,0.70707,-16.5,REG
XSr,0.70717,-11,REG
XSr,0.7071392,-6,REG
XSr,0.7071392,-2,REG
XSr,0.70717,2,REG
XSr,0.7071394,6,REG
XSr,0.70709,10,REG
XSr,0.7071395,17,REG
XSr,0.7071397,27,REG
XSr,0.70716,54.5,REG
XSr,0.7071405,81.5,REG
XSr,0.707205,124,REG
XSr,0.7071417,164.5,REG
XSr,0.707363333,470,REG
XThU,0.11,-4740,REG
XThU,0.03,-4375,REG
XThU,0.08,-4320,REG
XThU,0.01,-4265,REG
XThU,0.0407919,-4205,REG
XThU,0.04291328,-4075,REG
XThU,0.04,-3900,REG
XThU,0.11,-3767.5,REG
XThU,0.06,-3721.5,REG
XThU,0.1,-3634.5,REG
XThU,0.04,-3409.5,REG
XThU,0.07,-3221.5,REG
XThU,0.01,-2981.5,REG
XThU,0.02,-2691.5,REG
XThU,0.06855754,-2503.5,REG
XThU,0.16,-2252,REG
XThU,0.03,-2015.5,REG
XThU,0.02,-1739,REG
XThU,0.04,-1334,REG
XThU,0.03,-1124.5,REG
XThU,0.07,-1100,REG
XThU,0.04,-880,REG
XThU,0,-620,REG
XThU,0.19,-501.5,REG
XThU,0.11,-339.5,REG
XThU,0.1060897,-203.5,REG
XThU,0.29,-138.5,REG
XThU,0.10776233,-101,REG
XThU,0.10793367,-90.5,REG
XThU,0.04,-76.5,REG
XThU,3.305864,-48.5,REG
XThU,5.801856,-24,REG
XThU,2.14,-16.5,REG
XThU,0.4,-11,REG
XThU,7.635645,-6,REG
XThU,8.043154,-2,REG
XThU,0.32,2,REG
XThU,8.858172,6,REG
XThU,0.27,10,REG
XThU,9.978821,17,REG
XThU,1.2,27,REG
XThU,9.34,54.5,REG
XThU,27.3,81.5,REG
XThU,18,124,REG
XThU,78.4,164.5,REG
XThU,37.1,470,REG
XThU,33.1,823,REG
XThU,22.3,921,REG
XThU,2.27,976,REG
XTOC,0.305,-4740,REG
XTOC,0.09,-4375,REG
XTOC,0.6882,-4320,REG
XTOC,0.681217,-4265,REG
XTOC,0.42,-4205,REG
XTOC,0.6570936,-4075,REG
XTOC,0.395,-3900,REG
XTOC,0.01,-3767.5,REG
XTOC,0.612275,-3721.5,REG
XTOC,0.6012291,-3634.5,REG
XTOC,0.55,-3409.5,REG
XTOC,1.22,-3221.5,REG
XTOC,0.235,-2981.5,REG
XTOC,0.34,-2691.5,REG
XTOC,0.6,-2503.5,REG
XTOC,0.645,-2252,REG
XTOC,0.395673,-2015.5,REG
XTOC,0.155,-1739,REG
XTOC,0.62,-1334,REG
XTOC,0.2825472,-1124.5,REG
XTOC,0.2793731,-1100,REG
XTOC,0.11,-880,REG
XTOC,0.19,-620,REG
XTOC,0.59,-501.5,REG
XTOC,0.324285714,-339.5,REG
XTOC,0.956666667,-203.5,REG
XTOC,0.408,-138.5,REG
XTOC,0.86,-101,REG
XTOC,1.08,-90.5,REG
XTOC,0.63,-76.5,REG
XTOC,1.1375,-48.5,REG
XTOC,1.56,-24,REG
XTOC,0.24,-16.5,REG
XTOC,1.68,-11,REG
XTOC,0.54,-6,REG
XTOC,0.71,-2,REG
XTOC,0.76,2,REG
XTOC,0.72,6,REG
XTOC,1.44,10,REG
XTOC,0.44,17,REG
XTOC,0.79,27,REG
XTOC,0.95,54.5,REG
XTOC,0.813333333,81.5,REG
XTOC,0.9925,124,REG
XZn,0.79,-1334,REG
XZn,0.7123002,-1124.5,REG
XZn,0.7162028,-1100,REG
XZn,0.83,-880,REG
XZn,0.8,-620,REG
XZn,0.626666667,-501.5,REG
XZn,0.738,-339.5,REG
XZn,0.833333333,-203.5,REG
XZn,0.98,-138.5,REG
XZn,1.08,-101,REG
XZn,0.99,-90.5,REG
XZn,0.8792325,-76.5,REG
XZn,0.905,-48.5,REG
XZn,0.85,-24,REG
XZn,0.8887897,-16.5,REG
XZn,0.8896657,-11,REG
XZn,0.8904622,-6,REG
XZn,0.74,-2,REG
XZn,0.8917365,2,REG
XZn,0.8923736,6,REG
XZn,0.8930108,10,REG
XZn,0.57,17,REG
XZn,0.445,27,REG
XZn,0.33875,54.5,REG
XZn,0.485,81.5,REG
XZn,0.905,124,REG
XZn,0.84,164.5,REG
XZn,0.82125,470,REG
